day_idx,k,precision,hotspot_hit_rate,event_coverage,amount_coverage,model
431,5,0.0,0.0,0.0,0.0,random
431,10,0.0,0.0,0.0,0.0,random
431,20,0.1,0.1,0.0625,0.0273916225590547,random
432,5,0.4,0.0,0.0392156862745098,0.03854487664011474,random
432,10,0.4,0.1,0.09803921568627451,0.06547667500048453,random
432,20,0.4,0.3,0.27450980392156865,0.24249019645845044,random
433,5,0.0,0.0,0.0,0.0,random
433,10,0.0,0.0,0.0,0.0,random
433,20,0.0,0.0,0.0,0.0,random
434,5,0.0,0.0,0.0,0.0,random
434,10,0.1,0.0,0.022727272727272728,0.006963289214392371,random
434,20,0.1,0.05,0.09090909090909091,0.018107076280092258,random
435,5,0.4,0.0,0.05,0.010146404215094872,random
435,10,0.3,0.0,0.075,0.019610530523670837,random
435,20,0.35,0.2,0.275,0.3163869928375848,random
436,5,0.2,0.0,0.02631578947368421,0.12358448233238671,random
436,10,0.4,0.1,0.10526315789473684,0.24330128531393277,random
436,20,0.35,0.25,0.2894736842105263,0.30211473301742353,random
437,5,0.2,0.0,0.05714285714285714,0.010973291888574313,random
437,10,0.1,0.1,0.05714285714285714,0.010973291888574313,random
437,20,0.05,0.05,0.05714285714285714,0.010973291888574313,random
438,5,0.2,0.0,0.014285714285714285,0.00257529235108883,random
438,10,0.1,0.0,0.014285714285714285,0.00257529235108883,random
438,20,0.25,0.1,0.1,0.01568093066820216,random
439,5,0.4,0.0,0.029411764705882353,0.030768929996902835,random
439,10,0.5,0.0,0.07352941176470588,0.046674905190098266,random
439,20,0.35,0.25,0.16176470588235295,0.07752203599226361,random
440,5,0.4,0.2,0.06944444444444445,0.0596055440024825,random
440,10,0.2,0.1,0.06944444444444445,0.0596055440024825,random
440,20,0.25,0.2,0.19444444444444445,0.20155027712530724,random
441,5,0.0,0.0,0.0,0.0,random
441,10,0.2,0.1,0.057692307692307696,0.03646130697691636,random
441,20,0.15,0.1,0.07692307692307693,0.04744895403958253,random
442,5,0.6,0.2,0.11904761904761904,0.22520901726106882,random
442,10,0.4,0.3,0.16666666666666666,0.23352013691972365,random
442,20,0.4,0.25,0.30952380952380953,0.344355937610882,random
443,5,0.0,0.0,0.0,0.0,random
443,10,0.1,0.0,0.021739130434782608,0.007064267184622839,random
443,20,0.2,0.1,0.10869565217391304,0.03989438972227422,random
444,5,0.4,0.0,0.0625,0.037786565751152454,random
444,10,0.6,0.2,0.16666666666666666,0.1058871252750541,random
444,20,0.4,0.35,0.22916666666666666,0.37629723643173885,random
445,5,0.2,0.0,0.02702702702702703,0.008463626438566092,random
445,10,0.2,0.1,0.05405405405405406,0.026628471839661855,random
445,20,0.35,0.25,0.16216216216216217,0.07633930628311582,random
446,5,0.2,0.0,0.025974025974025976,0.04763661520027462,random
446,10,0.4,0.1,0.09090909090909091,0.07791301725546976,random
446,20,0.3,0.2,0.14285714285714285,0.20048132524182902,random
447,5,0.4,0.0,0.04285714285714286,0.05759176612748219,random
447,10,0.3,0.0,0.05714285714285714,0.060924724601928985,random
447,20,0.35,0.25,0.15714285714285714,0.10959559596066401,random
448,5,0.4,0.2,0.05660377358490566,0.0334674590189148,random
448,10,0.5,0.2,0.22641509433962265,0.26396442715344476,random
448,20,0.4,0.2,0.32075471698113206,0.2951477945919078,random
449,5,0.2,0.0,0.018518518518518517,0.10343066695981297,random
449,10,0.2,0.0,0.037037037037037035,0.11751024209221933,random
449,20,0.2,0.1,0.07407407407407407,0.16627683911148497,random
450,5,0.4,0.2,0.10869565217391304,0.16699393582012573,random
450,10,0.4,0.2,0.15217391304347827,0.2104538915856849,random
450,20,0.4,0.2,0.2826086956521739,0.3995476293449547,random
451,5,0.0,0.0,0.0,0.0,random
451,10,0.0,0.0,0.0,0.0,random
451,20,0.1,0.1,0.12195121951219512,0.3159157524609393,random
452,5,0.2,0.0,0.012195121951219513,0.0027871326351886693,random
452,10,0.4,0.0,0.04878048780487805,0.05138627567754641,random
452,20,0.4,0.1,0.13414634146341464,0.13659233727379252,random
453,5,0.4,0.0,0.02127659574468085,0.0086783055238921,random
453,10,0.4,0.1,0.09574468085106383,0.08470717257967722,random
453,20,0.25,0.05,0.10638297872340426,0.08673932703092711,random
454,5,0.2,0.2,0.0625,0.06624120555157212,random
454,10,0.2,0.2,0.125,0.10777659283275363,random
454,20,0.2,0.15,0.15,0.11381353182856353,random
455,5,0.6,0.2,0.16666666666666666,0.0683977054629989,random
455,10,0.4,0.3,0.2037037037037037,0.357867507876037,random
455,20,0.25,0.2,0.2222222222222222,0.3730480901794904,random
456,5,0.2,0.0,0.014285714285714285,0.0014613823309475482,random
456,10,0.4,0.1,0.1,0.17755445708014878,random
456,20,0.2,0.1,0.1,0.17755445708014878,random
457,5,0.2,0.0,0.014084507042253521,0.009265563246880935,random
457,10,0.1,0.0,0.014084507042253521,0.009265563246880935,random
457,20,0.25,0.1,0.16901408450704225,0.14622989398636052,random
458,5,0.2,0.0,0.01694915254237288,0.003452985276580812,random
458,10,0.3,0.1,0.0847457627118644,0.025060071312379747,random
458,20,0.35,0.15,0.1864406779661017,0.20539965265696605,random
459,5,0.2,0.0,0.017241379310344827,0.01586512700400574,random
459,10,0.2,0.1,0.08620689655172414,0.07264292785187872,random
459,20,0.2,0.05,0.1206896551724138,0.08609759527140297,random
460,5,0.0,0.0,0.0,0.0,random
460,10,0.2,0.0,0.05,0.1108485146548578,random
460,20,0.15,0.0,0.075,0.1315438418820437,random
461,5,0.4,0.2,0.08333333333333333,0.051852814607349355,random
461,10,0.3,0.2,0.1388888888888889,0.11399144739214578,random
461,20,0.25,0.15,0.2222222222222222,0.13403943936243104,random
462,5,0.4,0.4,0.10256410256410256,0.0754253535003811,random
462,10,0.2,0.2,0.10256410256410256,0.0754253535003811,random
462,20,0.2,0.15,0.15384615384615385,0.08970486496200614,random
463,5,0.2,0.0,0.043478260869565216,0.07652697822748004,random
463,10,0.2,0.2,0.08695652173913043,0.09861459591281613,random
463,20,0.2,0.2,0.1956521739130435,0.23250767959104712,random
464,5,0.0,0.0,0.0,0.0,random
464,10,0.0,0.0,0.0,0.0,random
464,20,0.15,0.15,0.11764705882352941,0.07392895944477776,random
465,5,0.2,0.0,0.019230769230769232,0.09856670226744407,random
465,10,0.2,0.0,0.038461538461538464,0.13841149977156375,random
465,20,0.25,0.15,0.09615384615384616,0.14549861335841535,random
466,5,0.0,0.0,0.0,0.0,random
466,10,0.0,0.0,0.0,0.0,random
466,20,0.15,0.05,0.05454545454545454,0.033407209164105965,random
467,5,0.2,0.2,0.05555555555555555,0.08283025964534604,random
467,10,0.1,0.1,0.05555555555555555,0.08283025964534604,random
467,20,0.15,0.15,0.2222222222222222,0.3393192527742697,random
468,5,0.6,0.0,0.05,0.032353157577509714,random
468,10,0.5,0.1,0.075,0.07129214197114767,random
468,20,0.35,0.1,0.1,0.10432346543137667,random
469,5,0.4,0.0,0.0425531914893617,0.006807826353213771,random
469,10,0.4,0.0,0.0851063829787234,0.013599553430863984,random
469,20,0.3,0.15,0.1276595744680851,0.0400745024936849,random
470,5,0.6,0.2,0.10714285714285714,0.1094128433258868,random
470,10,0.4,0.1,0.125,0.13892434240260326,random
470,20,0.35,0.25,0.17857142857142858,0.19452176495654758,random
471,5,0.0,0.0,0.0,0.0,random
471,10,0.0,0.0,0.0,0.0,random
471,20,0.25,0.2,0.13793103448275862,0.11142577280321458,random
472,5,0.0,0.0,0.0,0.0,random
472,10,0.2,0.0,0.03773584905660377,0.004770437606369452,random
472,20,0.2,0.1,0.09433962264150944,0.05537432265889395,random
473,5,0.0,0.0,0.0,0.0,random
473,10,0.0,0.0,0.0,0.0,random
473,20,0.1,0.05,0.07017543859649122,0.0684324559963076,random
474,5,0.2,0.0,0.01818181818181818,0.0013356040403127445,random
474,10,0.2,0.1,0.03636363636363636,0.005196035137340276,random
474,20,0.15,0.15,0.05454545454545454,0.012536208426929589,random
475,5,0.0,0.0,0.0,0.0,random
475,10,0.2,0.1,0.09433962264150944,0.09993567710291214,random
475,20,0.15,0.15,0.11320754716981132,0.10425257243394373,random
476,5,0.0,0.0,0.0,0.0,random
476,10,0.1,0.0,0.019230769230769232,0.005519181862453331,random
476,20,0.1,0.05,0.038461538461538464,0.011919421475181444,random
477,5,0.2,0.0,0.0392156862745098,0.0676901908594961,random
477,10,0.2,0.1,0.058823529411764705,0.08952802312354793,random
477,20,0.15,0.15,0.0784313725490196,0.15027164368597604,random
478,5,0.2,0.2,0.03389830508474576,0.014533265860333053,random
478,10,0.4,0.1,0.0847457627118644,0.10284955600914276,random
478,20,0.4,0.15,0.15254237288135594,0.2434936105641654,random
479,5,0.0,0.0,0.0,0.0,random
479,10,0.2,0.0,0.06060606060606061,0.007346679927323571,random
479,20,0.2,0.2,0.18181818181818182,0.058221121140240854,random
480,5,0.2,0.0,0.018518518518518517,0.11096850588305224,random
480,10,0.1,0.0,0.018518518518518517,0.11096850588305224,random
480,20,0.15,0.05,0.05555555555555555,0.1253746320159426,random
481,5,0.2,0.0,0.016129032258064516,0.0309395108779872,random
481,10,0.1,0.0,0.016129032258064516,0.0309395108779872,random
481,20,0.1,0.05,0.03225806451612903,0.0338360316669276,random
482,5,0.0,0.0,0.0,0.0,random
482,10,0.0,0.0,0.0,0.0,random
482,20,0.1,0.1,0.109375,0.1474379345499968,random
483,5,0.0,0.0,0.0,0.0,random
483,10,0.0,0.0,0.0,0.0,random
483,20,0.1,0.05,0.030303030303030304,0.019268187352023975,random
484,5,0.2,0.0,0.018518518518518517,0.030599106221764708,random
484,10,0.1,0.0,0.018518518518518517,0.030599106221764708,random
484,20,0.25,0.1,0.14814814814814814,0.1197752589862609,random
485,5,0.0,0.0,0.0,0.0,random
485,10,0.1,0.0,0.018867924528301886,0.006410084434753408,random
485,20,0.1,0.05,0.03773584905660377,0.014415982933578056,random
486,5,0.2,0.0,0.0136986301369863,0.006999170579801153,random
486,10,0.1,0.0,0.0136986301369863,0.006999170579801153,random
486,20,0.25,0.2,0.1917808219178082,0.1746647492129081,random
487,5,0.2,0.0,0.012658227848101266,0.07963925593455537,random
487,10,0.2,0.0,0.0379746835443038,0.11523604439109582,random
487,20,0.2,0.15,0.0759493670886076,0.12011875820392594,random
488,5,0.4,0.0,0.057971014492753624,0.1155555809997799,random
488,10,0.3,0.1,0.07246376811594203,0.11958117534505548,random
488,20,0.4,0.2,0.18840579710144928,0.26472838926609954,random
489,5,0.2,0.0,0.017857142857142856,0.03608954222291501,random
489,10,0.1,0.0,0.017857142857142856,0.03608954222291501,random
489,20,0.15,0.05,0.07142857142857142,0.06108472059666634,random
490,5,0.4,0.2,0.109375,0.07477795809015256,random
490,10,0.5,0.3,0.171875,0.18506376647270864,random
490,20,0.4,0.25,0.40625,0.40640048872894025,random
491,5,0.4,0.2,0.08695652173913043,0.2239087321161908,random
491,10,0.2,0.1,0.08695652173913043,0.2239087321161908,random
491,20,0.15,0.1,0.10869565217391304,0.22742714253195612,random
492,5,0.0,0.0,0.0,0.0,random
492,10,0.0,0.0,0.0,0.0,random
492,20,0.1,0.1,0.16216216216216217,0.05157091217212272,random
493,5,0.4,0.2,0.0851063829787234,0.07720857238271416,random
493,10,0.2,0.1,0.0851063829787234,0.07720857238271416,random
493,20,0.15,0.1,0.10638297872340426,0.07761991242256301,random
494,5,0.2,0.0,0.014285714285714285,0.0010554859321232177,random
494,10,0.2,0.0,0.02857142857142857,0.005985759439873688,random
494,20,0.1,0.05,0.02857142857142857,0.005985759439873688,random
495,5,0.8,0.2,0.11392405063291139,0.12804510108539224,random
495,10,0.6,0.2,0.1518987341772152,0.1553734903114146,random
495,20,0.45,0.2,0.21518987341772153,0.22330729666248342,random
496,5,0.4,0.0,0.04477611940298507,0.0465451888490488,random
496,10,0.3,0.2,0.07462686567164178,0.05971138727925691,random
496,20,0.35,0.3,0.208955223880597,0.11739409765987995,random
497,5,0.4,0.0,0.058823529411764705,0.018126831761526428,random
497,10,0.4,0.2,0.13725490196078433,0.21001185357726013,random
497,20,0.25,0.2,0.1568627450980392,0.22140128778233054,random
498,5,0.0,0.0,0.0,0.0,random
498,10,0.2,0.1,0.10638297872340426,0.0392843888200535,random
498,20,0.15,0.05,0.1276595744680851,0.06425095804959632,random
499,5,0.2,0.0,0.023255813953488372,0.10638269729333424,random
499,10,0.2,0.0,0.046511627906976744,0.1272231166337876,random
499,20,0.3,0.15,0.27906976744186046,0.2266495594708107,random
500,5,0.2,0.0,0.021739130434782608,0.012297554489152773,random
500,10,0.1,0.0,0.021739130434782608,0.012297554489152773,random
500,20,0.25,0.15,0.2826086956521739,0.20773488739517532,random
501,5,0.0,0.0,0.0,0.0,random
501,10,0.2,0.1,0.05660377358490566,0.01219120399184508,random
501,20,0.2,0.1,0.09433962264150944,0.04380331936004543,random
502,5,0.0,0.0,0.0,0.0,random
502,10,0.3,0.0,0.047619047619047616,0.2224254121983727,random
502,20,0.25,0.15,0.07936507936507936,0.2393014488332592,random
503,5,0.2,0.0,0.01818181818181818,0.016594751188744514,random
503,10,0.2,0.0,0.03636363636363636,0.021122370399344816,random
503,20,0.1,0.0,0.03636363636363636,0.021122370399344816,random
504,5,0.4,0.2,0.17647058823529413,0.11838075162751698,random
504,10,0.4,0.1,0.21568627450980393,0.15805968662129935,random
504,20,0.3,0.15,0.3137254901960784,0.18745786442340415,random
505,5,0.2,0.0,0.017857142857142856,0.0022888501019476854,random
505,10,0.2,0.1,0.03571428571428571,0.008290612122562786,random
505,20,0.1,0.1,0.03571428571428571,0.008290612122562786,random
506,5,0.4,0.0,0.07692307692307693,0.1070419443841082,random
506,10,0.3,0.1,0.09615384615384616,0.11453001260913459,random
506,20,0.2,0.05,0.11538461538461539,0.11574083560903395,random
507,5,0.4,0.0,0.06896551724137931,0.05356820733094501,random
507,10,0.4,0.1,0.10344827586206896,0.07261816443142691,random
507,20,0.3,0.25,0.13793103448275862,0.08994633517026485,random
508,5,0.0,0.0,0.0,0.0,random
508,10,0.0,0.0,0.0,0.0,random
508,20,0.1,0.0,0.03333333333333333,0.0030662830315272595,random
509,5,0.4,0.0,0.029411764705882353,0.01901511312190163,random
509,10,0.3,0.0,0.058823529411764705,0.04252712426532744,random
509,20,0.35,0.25,0.17647058823529413,0.15718333783039729,random
510,5,0.0,0.0,0.0,0.0,random
510,10,0.1,0.0,0.022222222222222223,0.007575017003230094,random
510,20,0.2,0.2,0.08888888888888889,0.043126847216358045,random
511,5,0.2,0.0,0.015625,0.003946849495887147,random
511,10,0.3,0.0,0.0625,0.036324496826154844,random
511,20,0.35,0.1,0.15625,0.10456552125644561,random
512,5,0.4,0.2,0.08163265306122448,0.06114688635733228,random
512,10,0.3,0.2,0.10204081632653061,0.0717874987757165,random
512,20,0.15,0.1,0.10204081632653061,0.0717874987757165,random
513,5,0.0,0.0,0.0,0.0,random
513,10,0.0,0.0,0.0,0.0,random
513,20,0.0,0.0,0.0,0.0,random
514,5,0.0,0.0,0.0,0.0,random
514,10,0.1,0.0,0.015873015873015872,0.0020616402959965693,random
514,20,0.1,0.0,0.031746031746031744,0.012867842443034587,random
515,5,0.4,0.0,0.029411764705882353,0.007167819023073876,random
515,10,0.3,0.1,0.07352941176470588,0.027830623510850767,random
515,20,0.25,0.1,0.17647058823529413,0.09782908815889818,random
516,5,0.4,0.0,0.03333333333333333,0.13952012204611838,random
516,10,0.5,0.0,0.08333333333333333,0.1825782966386646,random
516,20,0.25,0.15,0.08333333333333333,0.1825782966386646,random
517,5,0.2,0.0,0.013888888888888888,0.0026700491397113994,random
517,10,0.3,0.0,0.05555555555555555,0.044859953955516875,random
517,20,0.25,0.2,0.1111111111111111,0.08992657246365476,random
518,5,0.0,0.0,0.0,0.0,random
518,10,0.1,0.1,0.04411764705882353,0.03797201937544875,random
518,20,0.15,0.15,0.1323529411764706,0.1300573104236356,random
519,5,0.2,0.0,0.021739130434782608,0.031800184490628776,random
519,10,0.2,0.0,0.06521739130434782,0.2767491588231718,random
519,20,0.25,0.2,0.15217391304347827,0.35759067925854854,random
520,5,0.0,0.0,0.0,0.0,random
520,10,0.0,0.0,0.0,0.0,random
520,20,0.05,0.05,0.024390243902439025,0.0017675349839564782,random
521,5,0.2,0.0,0.02040816326530612,0.003135458111511266,random
521,10,0.3,0.0,0.061224489795918366,0.012817810105865291,random
521,20,0.3,0.15,0.16326530612244897,0.08392164580434129,random
522,5,0.2,0.2,0.05,0.01402177281421701,random
522,10,0.1,0.1,0.05,0.01402177281421701,random
522,20,0.25,0.25,0.3,0.39541311334648743,random
523,5,0.0,0.0,0.0,0.0,random
523,10,0.2,0.1,0.10526315789473684,0.04004027640391277,random
523,20,0.2,0.2,0.18421052631578946,0.1648708921436194,random
524,5,0.2,0.0,0.043478260869565216,0.05040075273814237,random
524,10,0.2,0.1,0.06521739130434782,0.06785372094757798,random
524,20,0.25,0.2,0.15217391304347827,0.43556343482676124,random
525,5,0.2,0.0,0.02857142857142857,0.004428855556795144,random
525,10,0.3,0.0,0.08571428571428572,0.04171587617285328,random
525,20,0.2,0.2,0.14285714285714285,0.09245680783864155,random
526,5,0.2,0.0,0.03125,0.21580979692424626,random
526,10,0.1,0.0,0.03125,0.21580979692424626,random
526,20,0.15,0.15,0.15625,0.27404126275949187,random
527,5,0.2,0.0,0.029411764705882353,0.1144748511245994,random
527,10,0.1,0.0,0.029411764705882353,0.1144748511245994,random
527,20,0.2,0.15,0.23529411764705882,0.23000275027907244,random
528,5,0.0,0.0,0.0,0.0,random
528,10,0.1,0.0,0.03333333333333333,0.089757667223895,random
528,20,0.05,0.05,0.03333333333333333,0.089757667223895,random
529,5,0.2,0.0,0.02,0.12114157090130696,random
529,10,0.3,0.1,0.08,0.14630813734306528,random
529,20,0.25,0.1,0.14,0.16292009408268462,random
530,5,0.4,0.0,0.046511627906976744,0.02859474219554135,random
530,10,0.4,0.0,0.09302325581395349,0.1457221048213739,random
530,20,0.3,0.15,0.13953488372093023,0.15573147858299247,random
531,5,0.2,0.0,0.023809523809523808,0.0178151140248688,random
531,10,0.1,0.1,0.023809523809523808,0.0178151140248688,random
531,20,0.15,0.15,0.07142857142857142,0.047318699452403364,random
532,5,0.4,0.0,0.05714285714285714,0.009376313792293875,random
532,10,0.2,0.0,0.05714285714285714,0.009376313792293875,random
532,20,0.15,0.05,0.08571428571428572,0.017590757454150355,random
533,5,0.0,0.0,0.0,0.0,random
533,10,0.0,0.0,0.0,0.0,random
533,20,0.1,0.05,0.044444444444444446,0.09900138574066358,random
534,5,0.0,0.0,0.0,0.0,random
534,10,0.0,0.0,0.0,0.0,random
534,20,0.05,0.05,0.10810810810810811,0.2995332429054342,random
535,5,0.4,0.2,0.06818181818181818,0.03511294081770459,random
535,10,0.3,0.2,0.11363636363636363,0.09162411354138467,random
535,20,0.25,0.2,0.1590909090909091,0.10927331397827379,random
536,5,0.4,0.2,0.125,0.07387514910950117,random
536,10,0.3,0.1,0.14583333333333334,0.09920882087195165,random
536,20,0.3,0.3,0.2708333333333333,0.2590871249955603,random
537,5,0.2,0.0,0.02,0.002962558926865824,random
537,10,0.3,0.0,0.06,0.028985411056559534,random
537,20,0.3,0.2,0.2,0.07699726853273688,random
538,5,0.4,0.0,0.047619047619047616,0.024062425075374948,random
538,10,0.2,0.0,0.047619047619047616,0.024062425075374948,random
538,20,0.15,0.15,0.07142857142857142,0.04582581585281874,random
539,5,0.4,0.0,0.08163265306122448,0.05218718590760045,random
539,10,0.2,0.2,0.08163265306122448,0.05218718590760045,random
539,20,0.2,0.15,0.14285714285714285,0.11442058534609395,random
431,5,0.4,0.4,0.125,0.0677111066325827,hist_freq
431,10,0.4,0.3,0.1875,0.08952936559288055,hist_freq
431,20,0.4,0.35,0.2916666666666667,0.1628524454532919,hist_freq
432,5,0.6,0.4,0.23529411764705882,0.3063847381307699,hist_freq
432,10,0.4,0.2,0.2549019607843137,0.3165151720707276,hist_freq
432,20,0.4,0.3,0.37254901960784315,0.4648448553210458,hist_freq
433,5,0.6,0.2,0.1951219512195122,0.28759528825035435,hist_freq
433,10,0.5,0.3,0.2682926829268293,0.33933983893692127,hist_freq
433,20,0.4,0.35,0.36585365853658536,0.4214528005021228,hist_freq
434,5,0.2,0.0,0.022727272727272728,0.0019146438702037183,hist_freq
434,10,0.4,0.2,0.13636363636363635,0.09084927543707824,hist_freq
434,20,0.3,0.2,0.18181818181818182,0.10264993516332094,hist_freq
435,5,0.2,0.2,0.125,0.1274633388336354,hist_freq
435,10,0.1,0.1,0.125,0.1274633388336354,hist_freq
435,20,0.2,0.2,0.25,0.5009506806248103,hist_freq
436,5,0.2,0.2,0.05263157894736842,0.010422011754172025,hist_freq
436,10,0.1,0.1,0.05263157894736842,0.010422011754172025,hist_freq
436,20,0.2,0.15,0.13157894736842105,0.05013544927819246,hist_freq
437,5,0.2,0.2,0.08571428571428572,0.029401800779179067,hist_freq
437,10,0.2,0.1,0.11428571428571428,0.11489481522544936,hist_freq
437,20,0.25,0.25,0.22857142857142856,0.36113915891777265,hist_freq
438,5,0.8,0.2,0.14285714285714285,0.17652271822122756,hist_freq
438,10,0.5,0.2,0.15714285714285714,0.17786335581518165,hist_freq
438,20,0.4,0.2,0.2857142857142857,0.22662753856824133,hist_freq
439,5,0.6,0.2,0.10294117647058823,0.12320674063502483,hist_freq
439,10,0.5,0.1,0.1323529411764706,0.1526164171615097,hist_freq
439,20,0.35,0.2,0.22058823529411764,0.3800754637770783,hist_freq
440,5,0.6,0.2,0.1527777777777778,0.09918118262694911,hist_freq
440,10,0.4,0.1,0.16666666666666666,0.14743059219702634,hist_freq
440,20,0.45,0.25,0.3055555555555556,0.30590950078254897,hist_freq
441,5,0.2,0.0,0.038461538461538464,0.17889657545134058,hist_freq
441,10,0.2,0.2,0.15384615384615385,0.2684957636806658,hist_freq
441,20,0.3,0.3,0.3076923076923077,0.47344826159571296,hist_freq
442,5,0.8,0.2,0.14285714285714285,0.14447050948330098,hist_freq
442,10,0.5,0.2,0.21428571428571427,0.2474789715515879,hist_freq
442,20,0.35,0.3,0.3333333333333333,0.4134162395379556,hist_freq
443,5,0.6,0.2,0.13043478260869565,0.07857934065514778,hist_freq
443,10,0.6,0.1,0.1956521739130435,0.10501648819197446,hist_freq
443,20,0.45,0.3,0.30434782608695654,0.15966976717011594,hist_freq
444,5,0.4,0.2,0.10416666666666667,0.10169456547255135,hist_freq
444,10,0.4,0.2,0.16666666666666666,0.33856097365929666,hist_freq
444,20,0.3,0.25,0.3333333333333333,0.4848510644884187,hist_freq
445,5,0.4,0.2,0.12162162162162163,0.13463916906219012,hist_freq
445,10,0.5,0.2,0.24324324324324326,0.2649069001091758,hist_freq
445,20,0.5,0.4,0.44594594594594594,0.42332996123759253,hist_freq
446,5,0.2,0.2,0.11688311688311688,0.1545156606820803,hist_freq
446,10,0.3,0.2,0.19480519480519481,0.1935623907571217,hist_freq
446,20,0.35,0.25,0.3116883116883117,0.27297611201796024,hist_freq
447,5,0.6,0.2,0.12857142857142856,0.12400854678261305,hist_freq
447,10,0.4,0.2,0.15714285714285714,0.1344823430263478,hist_freq
447,20,0.4,0.3,0.37142857142857144,0.29479679437407,hist_freq
448,5,0.4,0.4,0.24528301886792453,0.16845639255126388,hist_freq
448,10,0.4,0.3,0.2830188679245283,0.1814051118145345,hist_freq
448,20,0.5,0.35,0.5471698113207547,0.48166208432389573,hist_freq
449,5,0.8,0.4,0.18518518518518517,0.09584072697598296,hist_freq
449,10,0.6,0.3,0.2222222222222222,0.10923003313995405,hist_freq
449,20,0.4,0.2,0.3333333333333333,0.2034436975474824,hist_freq
450,5,0.4,0.4,0.17391304347826086,0.10586696870026706,hist_freq
450,10,0.4,0.2,0.21739130434782608,0.12092460687341694,hist_freq
450,20,0.35,0.25,0.2826086956521739,0.14113174233225792,hist_freq
451,5,0.6,0.4,0.17073170731707318,0.19314611053203098,hist_freq
451,10,0.3,0.3,0.17073170731707318,0.19314611053203098,hist_freq
451,20,0.25,0.25,0.2926829268292683,0.4651538614362578,hist_freq
452,5,0.8,0.6,0.24390243902439024,0.23294736860597692,hist_freq
452,10,0.5,0.3,0.25609756097560976,0.23629271831953383,hist_freq
452,20,0.4,0.25,0.43902439024390244,0.4426560416567848,hist_freq
453,5,1.0,0.4,0.24468085106382978,0.24343761661414362,hist_freq
453,10,0.7,0.3,0.2765957446808511,0.27189233954229175,hist_freq
453,20,0.65,0.4,0.40425531914893614,0.34295872566880686,hist_freq
454,5,0.6,0.4,0.25,0.3015430816206348,hist_freq
454,10,0.3,0.3,0.25,0.3015430816206348,hist_freq
454,20,0.55,0.45,0.55,0.5002115429480145,hist_freq
455,5,0.6,0.4,0.2777777777777778,0.15296075537437032,hist_freq
455,10,0.5,0.3,0.3148148148148148,0.1664750706844962,hist_freq
455,20,0.5,0.45,0.46296296296296297,0.3663929110310666,hist_freq
456,5,1.0,0.6,0.3,0.1667809383224403,hist_freq
456,10,0.6,0.4,0.3142857142857143,0.18279787512989093,hist_freq
456,20,0.5,0.35,0.44285714285714284,0.2654642569267075,hist_freq
457,5,0.6,0.6,0.23943661971830985,0.18865026937321308,hist_freq
457,10,0.5,0.3,0.2676056338028169,0.23293907485606324,hist_freq
457,20,0.5,0.4,0.43661971830985913,0.37182405425956805,hist_freq
458,5,0.6,0.4,0.15254237288135594,0.2796185769046621,hist_freq
458,10,0.4,0.2,0.1864406779661017,0.2915514308570273,hist_freq
458,20,0.4,0.3,0.3559322033898305,0.36615435056071516,hist_freq
459,5,0.6,0.2,0.1206896551724138,0.07034552217281465,hist_freq
459,10,0.5,0.1,0.15517241379310345,0.07810678238876952,hist_freq
459,20,0.35,0.2,0.2413793103448276,0.11857663567235914,hist_freq
460,5,0.4,0.2,0.15,0.13985254163447752,hist_freq
460,10,0.4,0.1,0.2,0.2141244776519787,hist_freq
460,20,0.4,0.3,0.35,0.45939800137871806,hist_freq
461,5,0.6,0.2,0.1111111111111111,0.04167668377588922,hist_freq
461,10,0.5,0.3,0.2222222222222222,0.12262444254787176,hist_freq
461,20,0.25,0.2,0.2222222222222222,0.12262444254787176,hist_freq
462,5,0.2,0.2,0.07692307692307693,0.04947528686266095,hist_freq
462,10,0.2,0.2,0.10256410256410256,0.08215573181789335,hist_freq
462,20,0.25,0.15,0.23076923076923078,0.22723682499068454,hist_freq
463,5,0.6,0.2,0.10869565217391304,0.08497965787714999,hist_freq
463,10,0.3,0.1,0.10869565217391304,0.08497965787714999,hist_freq
463,20,0.25,0.15,0.1956521739130435,0.16314001477295376,hist_freq
464,5,0.2,0.2,0.029411764705882353,0.010977287345884209,hist_freq
464,10,0.2,0.1,0.058823529411764705,0.03003805261422541,hist_freq
464,20,0.25,0.25,0.14705882352941177,0.08397249833790073,hist_freq
465,5,0.2,0.2,0.19230769230769232,0.13244607152998628,hist_freq
465,10,0.3,0.2,0.25,0.2495239358709011,hist_freq
465,20,0.4,0.2,0.34615384615384615,0.2744216240066004,hist_freq
466,5,0.4,0.2,0.12727272727272726,0.1337066615642608,hist_freq
466,10,0.6,0.3,0.2545454545454545,0.24737910991107637,hist_freq
466,20,0.45,0.3,0.3090909090909091,0.2659911596853098,hist_freq
467,5,0.6,0.4,0.2962962962962963,0.274937236830437,hist_freq
467,10,0.4,0.2,0.3148148148148148,0.3083587392935665,hist_freq
467,20,0.2,0.15,0.3148148148148148,0.3083587392935665,hist_freq
468,5,0.8,0.6,0.25,0.3090894294562559,hist_freq
468,10,0.6,0.3,0.275,0.3171746531692457,hist_freq
468,20,0.4,0.15,0.3,0.33767495750779797,hist_freq
469,5,0.4,0.4,0.23404255319148937,0.26698481311991884,hist_freq
469,10,0.5,0.4,0.3617021276595745,0.44803819491207164,hist_freq
469,20,0.25,0.25,0.3617021276595745,0.44803819491207164,hist_freq
470,5,0.6,0.4,0.30357142857142855,0.4705688201340375,hist_freq
470,10,0.7,0.5,0.4642857142857143,0.5875311527485441,hist_freq
470,20,0.5,0.25,0.5178571428571429,0.5969029325551065,hist_freq
471,5,0.8,0.4,0.4827586206896552,0.5480002185138931,hist_freq
471,10,0.6,0.4,0.5517241379310345,0.5879021452297962,hist_freq
471,20,0.4,0.4,0.603448275862069,0.7059933505008369,hist_freq
472,5,0.8,0.6,0.4339622641509434,0.6211173927502495,hist_freq
472,10,0.6,0.4,0.49056603773584906,0.6610356227625735,hist_freq
472,20,0.35,0.3,0.5094339622641509,0.677972573798392,hist_freq
473,5,0.4,0.4,0.24561403508771928,0.14611313141324603,hist_freq
473,10,0.5,0.2,0.2982456140350877,0.4613744783413765,hist_freq
473,20,0.25,0.2,0.2982456140350877,0.4613744783413765,hist_freq
474,5,0.6,0.6,0.36363636363636365,0.2453891205496853,hist_freq
474,10,0.5,0.3,0.4,0.5380936966268016,hist_freq
474,20,0.4,0.35,0.4909090909090909,0.6413335802489755,hist_freq
475,5,0.8,0.6,0.33962264150943394,0.3485002997665484,hist_freq
475,10,0.6,0.3,0.37735849056603776,0.36760824849586593,hist_freq
475,20,0.35,0.25,0.39622641509433965,0.3750686764198428,hist_freq
476,5,0.8,0.6,0.3269230769230769,0.42129481602453844,hist_freq
476,10,0.4,0.3,0.3269230769230769,0.42129481602453844,hist_freq
476,20,0.4,0.2,0.4230769230769231,0.5033512441661351,hist_freq
477,5,0.8,0.6,0.43137254901960786,0.37835969748624865,hist_freq
477,10,0.5,0.3,0.45098039215686275,0.4263162473858726,hist_freq
477,20,0.35,0.35,0.5490196078431373,0.5342994460788895,hist_freq
478,5,0.8,0.4,0.288135593220339,0.3706388570179555,hist_freq
478,10,0.6,0.3,0.3220338983050847,0.3854541821417532,hist_freq
478,20,0.45,0.35,0.3728813559322034,0.408192054224631,hist_freq
479,5,0.6,0.4,0.3939393939393939,0.42955213291769895,hist_freq
479,10,0.5,0.3,0.45454545454545453,0.5081271705779018,hist_freq
479,20,0.3,0.3,0.48484848484848486,0.5231357376271767,hist_freq
480,5,0.6,0.4,0.2962962962962963,0.3982799776002903,hist_freq
480,10,0.5,0.4,0.35185185185185186,0.4074924838962981,hist_freq
480,20,0.4,0.35,0.4074074074074074,0.48970074801265145,hist_freq
481,5,0.6,0.2,0.24193548387096775,0.20499009462392834,hist_freq
481,10,0.4,0.1,0.25806451612903225,0.20872517630693002,hist_freq
481,20,0.35,0.3,0.3064516129032258,0.2794758137924743,hist_freq
482,5,0.6,0.4,0.234375,0.3438875979316109,hist_freq
482,10,0.5,0.2,0.265625,0.3724009662279453,hist_freq
482,20,0.4,0.3,0.46875,0.5192313344416176,hist_freq
483,5,0.8,0.4,0.30303030303030304,0.15747752283523692,hist_freq
483,10,0.7,0.3,0.36363636363636365,0.20742055681302776,hist_freq
483,20,0.45,0.25,0.4393939393939394,0.2765875074055829,hist_freq
484,5,0.8,0.2,0.25925925925925924,0.3221623981534936,hist_freq
484,10,0.5,0.2,0.2777777777777778,0.35020405313913844,hist_freq
484,20,0.4,0.35,0.42592592592592593,0.4437538021033596,hist_freq
485,5,0.6,0.4,0.2641509433962264,0.4252354172660606,hist_freq
485,10,0.4,0.2,0.2830188679245283,0.431645501700814,hist_freq
485,20,0.45,0.35,0.4339622641509434,0.48541194668038296,hist_freq
486,5,0.6,0.4,0.2465753424657534,0.21778495513201068,hist_freq
486,10,0.5,0.2,0.273972602739726,0.2517815388638015,hist_freq
486,20,0.6,0.3,0.4657534246575342,0.42542183625487845,hist_freq
487,5,0.8,0.6,0.24050632911392406,0.20772005007321742,hist_freq
487,10,0.7,0.4,0.3037974683544304,0.25189205502576645,hist_freq
487,20,0.7,0.45,0.5063291139240507,0.3432554109281976,hist_freq
488,5,0.8,0.4,0.21739130434782608,0.2512397698315465,hist_freq
488,10,0.5,0.3,0.2318840579710145,0.26969096717313396,hist_freq
488,20,0.5,0.3,0.43478260869565216,0.4710654641726238,hist_freq
489,5,0.8,0.6,0.26785714285714285,0.15112892103893497,hist_freq
489,10,0.6,0.3,0.30357142857142855,0.16800659439951598,hist_freq
489,20,0.45,0.25,0.375,0.3677421315022602,hist_freq
490,5,0.8,0.6,0.375,0.3399796111537799,hist_freq
490,10,0.6,0.4,0.40625,0.3801128719152233,hist_freq
490,20,0.45,0.4,0.484375,0.5601757982803144,hist_freq
491,5,0.8,0.2,0.21739130434782608,0.14672315244953263,hist_freq
491,10,0.6,0.2,0.2608695652173913,0.1594016536673329,hist_freq
491,20,0.4,0.25,0.3695652173913043,0.2330505354615441,hist_freq
492,5,0.4,0.4,0.13513513513513514,0.10625945095085547,hist_freq
492,10,0.6,0.3,0.2702702702702703,0.13993890277712398,hist_freq
492,20,0.45,0.3,0.35135135135135137,0.2825552480598452,hist_freq
493,5,0.4,0.2,0.23404255319148937,0.1388331263343927,hist_freq
493,10,0.4,0.1,0.2765957446808511,0.19338610242882925,hist_freq
493,20,0.5,0.4,0.44680851063829785,0.6608700709549843,hist_freq
494,5,0.4,0.4,0.2714285714285714,0.30987862060902643,hist_freq
494,10,0.2,0.2,0.2714285714285714,0.30987862060902643,hist_freq
494,20,0.5,0.4,0.5285714285714286,0.6414267640692188,hist_freq
495,5,0.6,0.2,0.189873417721519,0.1805703698174596,hist_freq
495,10,0.6,0.2,0.25316455696202533,0.21905020680283308,hist_freq
495,20,0.5,0.4,0.379746835443038,0.3607479921394693,hist_freq
496,5,0.4,0.2,0.1044776119402985,0.09077091429309572,hist_freq
496,10,0.3,0.2,0.13432835820895522,0.09682678513608638,hist_freq
496,20,0.4,0.3,0.2835820895522388,0.167317190034957,hist_freq
497,5,0.6,0.2,0.19607843137254902,0.14580203061323954,hist_freq
497,10,0.6,0.2,0.2549019607843137,0.17882942010401046,hist_freq
497,20,0.35,0.25,0.3137254901960784,0.20094262959515513,hist_freq
498,5,0.6,0.4,0.2553191489361702,0.10830038649296568,hist_freq
498,10,0.4,0.2,0.2765957446808511,0.12386674571444711,hist_freq
498,20,0.45,0.3,0.3829787234042553,0.19288168753989124,hist_freq
499,5,0.6,0.4,0.23255813953488372,0.20909641756674704,hist_freq
499,10,0.5,0.3,0.3023255813953488,0.24037373806086534,hist_freq
499,20,0.4,0.3,0.3953488372093023,0.528824617229642,hist_freq
500,5,0.6,0.4,0.2608695652173913,0.29921875219629307,hist_freq
500,10,0.5,0.2,0.30434782608695654,0.3433436506397011,hist_freq
500,20,0.45,0.25,0.43478260869565216,0.5137771180699047,hist_freq
501,5,0.8,0.4,0.24528301886792453,0.3370995297580418,hist_freq
501,10,0.4,0.2,0.24528301886792453,0.3370995297580418,hist_freq
501,20,0.4,0.25,0.39622641509433965,0.43604293300928687,hist_freq
502,5,0.8,0.4,0.2698412698412698,0.3561212666171025,hist_freq
502,10,0.5,0.3,0.2857142857142857,0.3746830702200601,hist_freq
502,20,0.4,0.3,0.3968253968253968,0.42704605873113094,hist_freq
503,5,0.6,0.4,0.2545454545454545,0.356575682382134,hist_freq
503,10,0.4,0.2,0.2727272727272727,0.39556955836154944,hist_freq
503,20,0.35,0.3,0.45454545454545453,0.5115959124301728,hist_freq
504,5,0.6,0.2,0.21568627450980393,0.14978461522535497,hist_freq
504,10,0.4,0.3,0.2549019607843137,0.17293993423938572,hist_freq
504,20,0.45,0.2,0.35294117647058826,0.5679998654249531,hist_freq
505,5,0.4,0.2,0.23214285714285715,0.2693303742304678,hist_freq
505,10,0.4,0.2,0.26785714285714285,0.32162283566357536,hist_freq
505,20,0.35,0.2,0.32142857142857145,0.3492728864732667,hist_freq
506,5,0.2,0.2,0.11538461538461539,0.30979901431084406,hist_freq
506,10,0.3,0.2,0.19230769230769232,0.3437621668586042,hist_freq
506,20,0.25,0.15,0.23076923076923078,0.3798887718593624,hist_freq
507,5,0.6,0.4,0.3448275862068966,0.5398596445539591,hist_freq
507,10,0.4,0.3,0.39655172413793105,0.5684179926674792,hist_freq
507,20,0.3,0.25,0.4827586206896552,0.6230938327951369,hist_freq
508,5,0.4,0.4,0.18333333333333332,0.09905008034072325,hist_freq
508,10,0.4,0.3,0.3,0.19235515898175948,hist_freq
508,20,0.35,0.3,0.45,0.2745036229230926,hist_freq
509,5,0.6,0.4,0.2647058823529412,0.147542860670338,hist_freq
509,10,0.5,0.3,0.3235294117647059,0.26753780271795247,hist_freq
509,20,0.3,0.25,0.35294117647058826,0.334411301138338,hist_freq
510,5,0.4,0.4,0.28888888888888886,0.1845448438094723,hist_freq
510,10,0.4,0.4,0.4,0.24449604921889137,hist_freq
510,20,0.25,0.25,0.4222222222222222,0.26470233427830386,hist_freq
511,5,0.8,0.4,0.234375,0.2943858757183407,hist_freq
511,10,0.7,0.3,0.328125,0.34978295513690727,hist_freq
511,20,0.5,0.35,0.421875,0.38505844650608745,hist_freq
512,5,0.6,0.4,0.30612244897959184,0.27153299733760394,hist_freq
512,10,0.4,0.3,0.3469387755102041,0.3596537464570544,hist_freq
512,20,0.4,0.25,0.46938775510204084,0.42483123578990023,hist_freq
513,5,0.8,0.6,0.3541666666666667,0.2800511176536192,hist_freq
513,10,0.5,0.4,0.4166666666666667,0.3246075822842447,hist_freq
513,20,0.3,0.3,0.4583333333333333,0.5244297270622527,hist_freq
514,5,0.4,0.2,0.19047619047619047,0.2666974538284202,hist_freq
514,10,0.4,0.2,0.23809523809523808,0.3459711883477923,hist_freq
514,20,0.45,0.25,0.3333333333333333,0.43674383615365725,hist_freq
515,5,0.8,0.2,0.14705882352941177,0.11868017860629217,hist_freq
515,10,0.7,0.3,0.25,0.238509343848704,hist_freq
515,20,0.7,0.4,0.4264705882352941,0.40338466126534483,hist_freq
516,5,0.4,0.0,0.03333333333333333,0.02936010843717991,hist_freq
516,10,0.7,0.1,0.13333333333333333,0.11677853624284716,hist_freq
516,20,0.5,0.2,0.18333333333333332,0.19758522778684637,hist_freq
517,5,0.4,0.2,0.20833333333333334,0.13368873948368937,hist_freq
517,10,0.4,0.2,0.2777777777777778,0.16795618711484434,hist_freq
517,20,0.35,0.25,0.375,0.23177287376066444,hist_freq
518,5,0.8,0.2,0.14705882352941177,0.11539925349451069,hist_freq
518,10,0.8,0.2,0.25,0.2364035508914627,hist_freq
518,20,0.55,0.2,0.3382352941176471,0.31230676991619216,hist_freq
519,5,0.0,0.0,0.0,0.0,hist_freq
519,10,0.2,0.1,0.08695652173913043,0.03295457248657949,hist_freq
519,20,0.2,0.15,0.17391304347826086,0.331054953361932,hist_freq
520,5,0.2,0.0,0.04878048780487805,0.25879550542469343,hist_freq
520,10,0.5,0.4,0.24390243902439024,0.41992072612764575,hist_freq
520,20,0.4,0.25,0.3170731707317073,0.4522734494646983,hist_freq
521,5,0.2,0.2,0.04081632653061224,0.011001635990354142,hist_freq
521,10,0.3,0.2,0.12244897959183673,0.032705470581009546,hist_freq
521,20,0.25,0.2,0.1836734693877551,0.09244567361845811,hist_freq
522,5,0.2,0.0,0.025,0.031198397368002548,hist_freq
522,10,0.3,0.1,0.1,0.09687387444582662,hist_freq
522,20,0.25,0.15,0.15,0.1078036536942063,hist_freq
523,5,0.2,0.0,0.02631578947368421,0.03316917862372408,hist_freq
523,10,0.3,0.2,0.15789473684210525,0.16980049707322434,hist_freq
523,20,0.2,0.2,0.18421052631578946,0.17585046675955768,hist_freq
524,5,0.4,0.0,0.043478260869565216,0.010347280790834036,hist_freq
524,10,0.5,0.1,0.10869565217391304,0.03628461763541541,hist_freq
524,20,0.35,0.1,0.15217391304347827,0.0576154494913854,hist_freq
525,5,0.2,0.0,0.02857142857142857,0.023430136606871505,hist_freq
525,10,0.4,0.1,0.14285714285714285,0.08157365268539642,hist_freq
525,20,0.3,0.25,0.2,0.16853213973832726,hist_freq
526,5,0.2,0.0,0.03125,0.18117436283734065,hist_freq
526,10,0.1,0.1,0.03125,0.18117436283734065,hist_freq
526,20,0.15,0.15,0.09375,0.19836023139409414,hist_freq
527,5,0.4,0.0,0.08823529411764706,0.018113602703803768,hist_freq
527,10,0.5,0.3,0.3235294117647059,0.35081647990752,hist_freq
527,20,0.3,0.3,0.35294117647058826,0.4147722342414157,hist_freq
528,5,0.2,0.0,0.03333333333333333,0.03364543044042376,hist_freq
528,10,0.3,0.0,0.1,0.1689103518909244,hist_freq
528,20,0.25,0.25,0.16666666666666666,0.20433333251267305,hist_freq
529,5,0.8,0.0,0.1,0.06075983353470264,hist_freq
529,10,0.5,0.1,0.12,0.06337046252415972,hist_freq
529,20,0.4,0.25,0.2,0.1378241448240731,hist_freq
530,5,0.2,0.2,0.046511627906976744,0.004137548895743133,hist_freq
530,10,0.4,0.1,0.11627906976744186,0.03238283448330283,hist_freq
530,20,0.35,0.25,0.18604651162790697,0.4811822385860795,hist_freq
531,5,0.4,0.0,0.047619047619047616,0.004943350915754192,hist_freq
531,10,0.4,0.2,0.09523809523809523,0.017474794679212122,hist_freq
531,20,0.3,0.25,0.16666666666666666,0.20609981061071894,hist_freq
532,5,0.4,0.2,0.11428571428571428,0.0942179489279455,hist_freq
532,10,0.3,0.2,0.14285714285714285,0.34713873100631715,hist_freq
532,20,0.3,0.3,0.2571428571428571,0.3919013065579051,hist_freq
533,5,0.4,0.0,0.044444444444444446,0.013127347328423425,hist_freq
533,10,0.4,0.3,0.15555555555555556,0.13352358683698015,hist_freq
533,20,0.25,0.25,0.17777777777777778,0.13906221679511907,hist_freq
534,5,0.2,0.0,0.02702702702702703,0.03521716899127915,hist_freq
534,10,0.1,0.0,0.02702702702702703,0.03521716899127915,hist_freq
534,20,0.15,0.15,0.1891891891891892,0.3601939110303099,hist_freq
535,5,0.4,0.2,0.06818181818181818,0.056441469615357086,hist_freq
535,10,0.4,0.1,0.11363636363636363,0.0872147695907743,hist_freq
535,20,0.4,0.3,0.3181818181818182,0.5013078668048282,hist_freq
536,5,0.4,0.0,0.0625,0.06474016180492449,hist_freq
536,10,0.3,0.1,0.08333333333333333,0.07471804551987131,hist_freq
536,20,0.35,0.3,0.3125,0.5286797019629178,hist_freq
537,5,0.8,0.0,0.08,0.04480885461196814,hist_freq
537,10,0.5,0.2,0.2,0.17925653648502943,hist_freq
537,20,0.5,0.35,0.38,0.283031174446451,hist_freq
538,5,0.2,0.2,0.047619047619047616,0.005503686032745503,hist_freq
538,10,0.3,0.3,0.23809523809523808,0.06872547286108441,hist_freq
538,20,0.3,0.3,0.35714285714285715,0.13101969541936465,hist_freq
539,5,0.6,0.0,0.08163265306122448,0.018632453254038762,hist_freq
539,10,0.5,0.2,0.16326530612244897,0.03739060275858209,hist_freq
539,20,0.4,0.3,0.30612244897959184,0.11415496308087676,hist_freq
431,5,0.8,0.4,0.1875,0.11617552531370323,recent7
431,10,0.6,0.4,0.22916666666666666,0.15479618570807302,recent7
431,20,0.45,0.45,0.3333333333333333,0.2074291714840311,recent7
432,5,0.6,0.4,0.2549019607843137,0.323056250040377,recent7
432,10,0.6,0.5,0.39215686274509803,0.47657874165810676,recent7
432,20,0.45,0.4,0.5098039215686274,0.5840022998753157,recent7
433,5,0.8,0.4,0.21951219512195122,0.23068961067994065,recent7
433,10,0.6,0.2,0.2682926829268293,0.23913173965423284,recent7
433,20,0.4,0.4,0.36585365853658536,0.2938566993270212,recent7
434,5,0.6,0.4,0.20454545454545456,0.09196327000758943,recent7
434,10,0.5,0.4,0.29545454545454547,0.16576458715525846,recent7
434,20,0.5,0.5,0.5227272727272727,0.3011665114574067,recent7
435,5,0.8,0.4,0.35,0.4271624753162674,recent7
435,10,0.6,0.4,0.4,0.49258000234439103,recent7
435,20,0.45,0.4,0.475,0.5219041264288011,recent7
436,5,0.8,0.6,0.2631578947368421,0.45654664586453825,recent7
436,10,0.6,0.4,0.3157894736842105,0.4718392225377627,recent7
436,20,0.5,0.45,0.47368421052631576,0.6459221872980985,recent7
437,5,0.6,0.4,0.2,0.10608560410575893,recent7
437,10,0.5,0.3,0.2857142857142857,0.12399385368064217,recent7
437,20,0.4,0.4,0.4857142857142857,0.174988065933244,recent7
438,5,1.0,0.4,0.21428571428571427,0.38356336037455724,recent7
438,10,0.9,0.5,0.32857142857142857,0.5097843898453345,recent7
438,20,0.7,0.55,0.4857142857142857,0.7013313074809692,recent7
439,5,0.8,0.2,0.1323529411764706,0.1460300572340718,recent7
439,10,0.9,0.3,0.29411764705882354,0.4130882081074342,recent7
439,20,0.65,0.45,0.4264705882352941,0.47020394975804053,recent7
440,5,1.0,0.6,0.2777777777777778,0.21660735350230312,recent7
440,10,0.9,0.6,0.4166666666666667,0.3500479006203745,recent7
440,20,0.75,0.5,0.5416666666666666,0.3831347776317463,recent7
441,5,0.8,0.4,0.28846153846153844,0.4367561399956015,recent7
441,10,0.6,0.4,0.3269230769230769,0.5616917405382336,recent7
441,20,0.35,0.3,0.34615384615384615,0.5641070195952905,recent7
442,5,0.8,0.6,0.2619047619047619,0.4707267747831558,recent7
442,10,0.5,0.5,0.30952380952380953,0.47790074810885597,recent7
442,20,0.5,0.45,0.4523809523809524,0.5778883740484646,recent7
443,5,0.8,0.6,0.2391304347826087,0.1463893900064506,recent7
443,10,0.6,0.5,0.32608695652173914,0.179787865310728,recent7
443,20,0.55,0.35,0.43478260869565216,0.2502727497105574,recent7
444,5,1.0,1.0,0.3958333333333333,0.28592084116898964,recent7
444,10,0.6,0.6,0.4375,0.5180645735468243,recent7
444,20,0.45,0.35,0.5208333333333334,0.5804299485877761,recent7
445,5,1.0,0.4,0.21621621621621623,0.22542974188443393,recent7
445,10,1.0,0.4,0.40540540540540543,0.4887697192479893,recent7
445,20,0.6,0.45,0.47297297297297297,0.5372301405262473,recent7
446,5,0.8,0.2,0.23376623376623376,0.2475639436783346,recent7
446,10,0.9,0.5,0.4155844155844156,0.47176702103302937,recent7
446,20,0.55,0.5,0.5194805194805194,0.525021157238371,recent7
447,5,0.8,0.6,0.2857142857142857,0.18262542502053136,recent7
447,10,0.6,0.4,0.35714285714285715,0.23314579934774554,recent7
447,20,0.4,0.35,0.42857142857142855,0.272192355477338,recent7
448,5,0.4,0.4,0.24528301886792453,0.18322681888735737,recent7
448,10,0.5,0.4,0.4339622641509434,0.5284595955527106,recent7
448,20,0.55,0.4,0.6037735849056604,0.5886398913323168,recent7
449,5,0.6,0.4,0.18518518518518517,0.12881163556012157,recent7
449,10,0.4,0.2,0.2037037037037037,0.13624611409260573,recent7
449,20,0.5,0.4,0.5,0.2770806050016326,recent7
450,5,0.6,0.2,0.17391304347826086,0.10290455268070398,recent7
450,10,0.5,0.2,0.2608695652173913,0.16365383618642362,recent7
450,20,0.45,0.3,0.391304347826087,0.43818266631886355,recent7
451,5,0.8,0.4,0.21951219512195122,0.38967943152778267,recent7
451,10,0.7,0.6,0.3902439024390244,0.47177315541814874,recent7
451,20,0.55,0.5,0.5365853658536586,0.5543796146864395,recent7
452,5,1.0,0.6,0.3170731707317073,0.3663133780609708,recent7
452,10,0.7,0.5,0.3780487804878049,0.43367186498085986,recent7
452,20,0.6,0.5,0.4878048780487805,0.5769399690455235,recent7
453,5,1.0,0.4,0.22340425531914893,0.14926476249546958,recent7
453,10,0.7,0.5,0.2765957446808511,0.2228512884127492,recent7
453,20,0.55,0.4,0.3617021276595745,0.27946375803438755,recent7
454,5,1.0,0.6,0.2875,0.2709335878471916,recent7
454,10,0.6,0.5,0.4,0.3794570043668631,recent7
454,20,0.5,0.4,0.4625,0.4224336243319268,recent7
455,5,0.8,0.8,0.3333333333333333,0.18502156175859566,recent7
455,10,0.7,0.5,0.4074074074074074,0.49248614122395634,recent7
455,20,0.55,0.35,0.5370370370370371,0.6407620658084815,recent7
456,5,0.8,0.8,0.34285714285714286,0.22983053481077195,recent7
456,10,0.7,0.5,0.4,0.26122539355740937,recent7
456,20,0.65,0.5,0.5285714285714286,0.3686544755319459,recent7
457,5,0.8,0.6,0.28169014084507044,0.20319090263027415,recent7
457,10,0.6,0.4,0.30985915492957744,0.23916054424678196,recent7
457,20,0.55,0.4,0.4647887323943662,0.3938319427445781,recent7
458,5,0.6,0.6,0.1864406779661017,0.2979012956965745,recent7
458,10,0.5,0.5,0.2542372881355932,0.5037670957899526,recent7
458,20,0.45,0.4,0.4067796610169492,0.5796933686624022,recent7
459,5,0.6,0.4,0.1724137931034483,0.10366009670023522,recent7
459,10,0.7,0.2,0.2413793103448276,0.12443978031841116,recent7
459,20,0.55,0.3,0.3275862068965517,0.36013399862894735,recent7
460,5,0.6,0.4,0.2,0.1727265448972356,recent7
460,10,0.7,0.3,0.325,0.35714827873395005,recent7
460,20,0.6,0.4,0.45,0.43971227838875065,recent7
461,5,0.2,0.0,0.027777777777777776,0.0012388659830991334,recent7
461,10,0.2,0.0,0.05555555555555555,0.014021949489728456,recent7
461,20,0.3,0.2,0.19444444444444445,0.2189554759529276,recent7
462,5,0.2,0.2,0.07692307692307693,0.10540321633035721,recent7
462,10,0.2,0.2,0.1282051282051282,0.1509870614116389,recent7
462,20,0.3,0.25,0.28205128205128205,0.2468599212914585,recent7
463,5,0.4,0.2,0.08695652173913043,0.07647641603451713,recent7
463,10,0.4,0.2,0.17391304347826086,0.2570347398904925,recent7
463,20,0.35,0.3,0.30434782608695654,0.48153087664583605,recent7
464,5,0.6,0.2,0.14705882352941177,0.10181979600771862,recent7
464,10,0.4,0.2,0.17647058823529413,0.11279708335360283,recent7
464,20,0.3,0.3,0.2647058823529412,0.15114157842676224,recent7
465,5,0.4,0.2,0.1346153846153846,0.18982493510249074,recent7
465,10,0.5,0.4,0.38461538461538464,0.4048717663972883,recent7
465,20,0.45,0.4,0.5,0.4402089539557482,recent7
466,5,0.6,0.2,0.12727272727272726,0.3903325602064888,recent7
466,10,0.6,0.3,0.2909090909090909,0.5286700516370741,recent7
466,20,0.65,0.35,0.509090909090909,0.6657886166449137,recent7
467,5,0.8,0.4,0.24074074074074073,0.3010430459019702,recent7
467,10,0.6,0.3,0.2962962962962963,0.34778165450136533,recent7
467,20,0.55,0.35,0.4074074074074074,0.44843023273592375,recent7
468,5,0.8,0.6,0.1875,0.27864108191426346,recent7
468,10,0.7,0.4,0.3,0.40760853812704334,recent7
468,20,0.75,0.45,0.45,0.5316482366572256,recent7
469,5,0.6,0.2,0.10638297872340426,0.03775992202997004,recent7
469,10,0.4,0.2,0.14893617021276595,0.04702381671098611,recent7
469,20,0.3,0.2,0.3829787234042553,0.46904093829054794,recent7
470,5,0.8,0.4,0.3392857142857143,0.5118792370966284,recent7
470,10,0.7,0.6,0.4642857142857143,0.6190240311979442,recent7
470,20,0.45,0.35,0.5357142857142857,0.6323735488952881,recent7
471,5,0.6,0.6,0.46551724137931033,0.5351648034816547,recent7
471,10,0.5,0.5,0.5689655172413793,0.6342593365371921,recent7
471,20,0.3,0.3,0.603448275862069,0.6416751517836955,recent7
472,5,0.4,0.4,0.3018867924528302,0.4234805062696845,recent7
472,10,0.3,0.3,0.33962264150943394,0.42749388681312234,recent7
472,20,0.4,0.35,0.5283018867924528,0.6384956669731411,recent7
473,5,0.8,0.4,0.3157894736842105,0.16233415801977819,recent7
473,10,0.6,0.3,0.3508771929824561,0.16896216759683627,recent7
473,20,0.5,0.3,0.47368421052631576,0.3111090765765671,recent7
474,5,0.6,0.6,0.36363636363636365,0.2453891205496853,recent7
474,10,0.5,0.4,0.4,0.5483580519141775,recent7
474,20,0.45,0.45,0.509090909090909,0.6112223159344586,recent7
475,5,0.8,0.6,0.3584905660377358,0.37777075216664063,recent7
475,10,0.5,0.4,0.37735849056603776,0.404348125029318,recent7
475,20,0.4,0.25,0.4716981132075472,0.4804367788172684,recent7
476,5,0.8,0.6,0.3269230769230769,0.4051171309436555,recent7
476,10,0.7,0.5,0.40384615384615385,0.417743803491328,recent7
476,20,0.5,0.35,0.46153846153846156,0.4721043014966504,recent7
477,5,0.8,0.6,0.47058823529411764,0.376401317294648,recent7
477,10,0.6,0.6,0.5490196078431373,0.40666558181050677,recent7
477,20,0.45,0.45,0.6862745098039216,0.655564345396719,recent7
478,5,0.8,0.4,0.3050847457627119,0.2846378333808842,recent7
478,10,0.7,0.4,0.3559322033898305,0.2952190233463554,recent7
478,20,0.55,0.3,0.423728813559322,0.3220269168217331,recent7
479,5,0.8,0.4,0.42424242424242425,0.4845778999297135,recent7
479,10,0.6,0.3,0.48484848484848486,0.533191317594301,recent7
479,20,0.4,0.4,0.5454545454545454,0.5447843559376097,recent7
480,5,0.8,0.6,0.37037037037037035,0.4401973114091482,recent7
480,10,0.4,0.4,0.37037037037037035,0.4401973114091482,recent7
480,20,0.35,0.35,0.46296296296296297,0.5068739891192472,recent7
481,5,0.8,0.6,0.3870967741935484,0.425066716382771,recent7
481,10,0.5,0.3,0.4032258064516129,0.46970484648360145,recent7
481,20,0.45,0.3,0.46774193548387094,0.5531259199769903,recent7
482,5,1.0,0.6,0.3125,0.4791154238268872,recent7
482,10,0.5,0.3,0.3125,0.4791154238268872,recent7
482,20,0.35,0.25,0.390625,0.5961162596324292,recent7
483,5,0.8,0.4,0.3333333333333333,0.22979854644412664,recent7
483,10,0.5,0.3,0.3484848484848485,0.24379981814275575,recent7
483,20,0.4,0.3,0.4696969696969697,0.32404530372112905,recent7
484,5,0.8,0.6,0.2962962962962963,0.2931384292506823,recent7
484,10,0.6,0.5,0.3888888888888889,0.35318091308100846,recent7
484,20,0.45,0.35,0.46296296296296297,0.3887420065797857,recent7
485,5,0.8,0.6,0.33962264150943394,0.4657436539794052,recent7
485,10,0.6,0.5,0.41509433962264153,0.4836167714970031,recent7
485,20,0.55,0.45,0.5660377358490566,0.6777658233059162,recent7
486,5,1.0,0.6,0.3287671232876712,0.30570831842020096,recent7
486,10,0.7,0.3,0.3561643835616438,0.32131031245780567,recent7
486,20,0.7,0.55,0.6027397260273972,0.514806865113129,recent7
487,5,1.0,0.4,0.3037974683544304,0.23848506334327732,recent7
487,10,1.0,0.6,0.4810126582278481,0.33067493953776755,recent7
487,20,0.7,0.5,0.5822784810126582,0.3912157708178087,recent7
488,5,1.0,0.6,0.2753623188405797,0.1825266878108171,recent7
488,10,0.8,0.5,0.36231884057971014,0.30311322807057717,recent7
488,20,0.7,0.5,0.5362318840579711,0.6369506750988826,recent7
489,5,1.0,0.4,0.26785714285714285,0.21986681743605732,recent7
489,10,0.9,0.5,0.39285714285714285,0.45301886642906397,recent7
489,20,0.75,0.55,0.5714285714285714,0.6700211094760147,recent7
490,5,0.8,0.6,0.40625,0.41627060096815593,recent7
490,10,0.9,0.5,0.5,0.525770772551233,recent7
490,20,0.7,0.5,0.65625,0.7866537277523371,recent7
491,5,0.8,0.4,0.2391304347826087,0.2062906925989219,recent7
491,10,0.7,0.5,0.41304347826086957,0.5053377717311532,recent7
491,20,0.5,0.45,0.5,0.5593021314030763,recent7
492,5,0.4,0.2,0.13513513513513514,0.09255923697017897,recent7
492,10,0.4,0.3,0.24324324324324326,0.13373255471124998,recent7
492,20,0.35,0.25,0.32432432432432434,0.21053848637782993,recent7
493,5,1.0,0.8,0.40425531914893614,0.48980561486189855,recent7
493,10,0.7,0.4,0.44680851063829785,0.5135521768658985,recent7
493,20,0.55,0.4,0.5319148936170213,0.6230216279497349,recent7
494,5,0.8,0.6,0.42857142857142855,0.4058332970469657,recent7
494,10,0.7,0.4,0.4714285714285714,0.41580508911832476,recent7
494,20,0.6,0.5,0.6,0.4886017063142455,recent7
495,5,0.8,0.4,0.25316455696202533,0.22992610347745468,recent7
495,10,0.5,0.3,0.27848101265822783,0.27669828411897945,recent7
495,20,0.65,0.5,0.46835443037974683,0.4838582872163132,recent7
496,5,0.8,0.4,0.19402985074626866,0.3015808884409803,recent7
496,10,0.6,0.4,0.26865671641791045,0.3323422312486805,recent7
496,20,0.6,0.5,0.43283582089552236,0.42562893251761363,recent7
497,5,0.6,0.4,0.2549019607843137,0.17546223648265424,recent7
497,10,0.5,0.4,0.3333333333333333,0.2070815401872633,recent7
497,20,0.5,0.45,0.47058823529411764,0.2853883826862014,recent7
498,5,1.0,0.6,0.3617021276595745,0.16336652741798308,recent7
498,10,0.7,0.4,0.40425531914893614,0.19404734314461997,recent7
498,20,0.55,0.45,0.5319148936170213,0.2547971109901579,recent7
499,5,0.6,0.2,0.2558139534883721,0.1816323137041488,recent7
499,10,0.6,0.4,0.3488372093023256,0.25084906111980326,recent7
499,20,0.35,0.3,0.3953488372093023,0.49074535976760414,recent7
500,5,0.8,0.6,0.32608695652173914,0.3895955447228524,recent7
500,10,0.6,0.4,0.3695652173913043,0.406731831560837,recent7
500,20,0.45,0.35,0.43478260869565216,0.4938638734035585,recent7
501,5,1.0,0.8,0.32075471698113206,0.33372766801080744,recent7
501,10,0.6,0.5,0.3584905660377358,0.35298043668204687,recent7
501,20,0.5,0.45,0.4339622641509434,0.42431497932745493,recent7
502,5,0.6,0.4,0.23809523809523808,0.21322596384584855,recent7
502,10,0.4,0.2,0.25396825396825395,0.252101219485901,recent7
502,20,0.45,0.3,0.38095238095238093,0.31992678772352784,recent7
503,5,0.8,0.4,0.3090909090909091,0.4121178598931658,recent7
503,10,0.6,0.5,0.41818181818181815,0.4458403109682309,recent7
503,20,0.4,0.4,0.45454545454545453,0.45582637607109244,recent7
504,5,1.0,0.4,0.27450980392156865,0.1983998509322557,recent7
504,10,0.8,0.6,0.39215686274509803,0.2646424768019793,recent7
504,20,0.5,0.4,0.43137254901960786,0.2926806702354934,recent7
505,5,0.8,0.4,0.26785714285714285,0.2724032887446588,recent7
505,10,0.6,0.3,0.375,0.38395595643691777,recent7
505,20,0.4,0.3,0.4642857142857143,0.5785116912501115,recent7
506,5,0.6,0.4,0.21153846153846154,0.34460596340573224,recent7
506,10,0.5,0.4,0.28846153846153844,0.37814744536383205,recent7
506,20,0.4,0.3,0.36538461538461536,0.42864318152736736,recent7
507,5,0.6,0.2,0.1896551724137931,0.23660172784081274,recent7
507,10,0.5,0.3,0.29310344827586204,0.28987135950210846,recent7
507,20,0.4,0.3,0.43103448275862066,0.38618523551607353,recent7
508,5,0.6,0.4,0.2,0.11122531658531387,recent7
508,10,0.6,0.2,0.25,0.34507248525201506,recent7
508,20,0.45,0.25,0.3333333333333333,0.3717635250139755,recent7
509,5,0.6,0.6,0.29411764705882354,0.21311104893768065,recent7
509,10,0.6,0.4,0.38235294117647056,0.4040641842209807,recent7
509,20,0.5,0.35,0.4852941176470588,0.5725816167326623,recent7
510,5,0.8,0.6,0.4,0.2762811699886229,recent7
510,10,0.7,0.6,0.4888888888888889,0.31528564386604574,recent7
510,20,0.45,0.4,0.6222222222222222,0.5469840325630055,recent7
511,5,1.0,0.6,0.359375,0.37758797158295193,recent7
511,10,1.0,0.7,0.53125,0.5599080040994382,recent7
511,20,0.55,0.45,0.546875,0.5809206431396117,recent7
512,5,0.6,0.4,0.32653061224489793,0.32653341976214134,recent7
512,10,0.5,0.3,0.3673469387755102,0.4061548376581382,recent7
512,20,0.45,0.25,0.46938775510204084,0.5357883301670184,recent7
513,5,0.6,0.6,0.2916666666666667,0.21748649734223421,recent7
513,10,0.5,0.5,0.375,0.3479773894945507,recent7
513,20,0.35,0.35,0.4583333333333333,0.4045065880224025,recent7
514,5,1.0,0.6,0.31746031746031744,0.3620909247510455,recent7
514,10,0.9,0.7,0.4444444444444444,0.4550896859342987,recent7
514,20,0.65,0.5,0.5238095238095238,0.4944816761410492,recent7
515,5,1.0,0.4,0.23529411764705882,0.18259125708678656,recent7
515,10,0.7,0.5,0.36764705882352944,0.36689888601686105,recent7
515,20,0.6,0.6,0.4852941176470588,0.6053147187178358,recent7
516,5,0.8,0.2,0.11666666666666667,0.15013898490348873,recent7
516,10,0.8,0.3,0.2833333333333333,0.25709221141630684,recent7
516,20,0.7,0.3,0.45,0.4871714943410704,recent7
517,5,0.6,0.2,0.2361111111111111,0.15478463989412708,recent7
517,10,0.5,0.2,0.3194444444444444,0.23821360298317437,recent7
517,20,0.55,0.35,0.5138888888888888,0.4545022773390896,recent7
518,5,0.6,0.4,0.17647058823529413,0.16155244261230203,recent7
518,10,0.5,0.3,0.22058823529411764,0.2403795809819716,recent7
518,20,0.5,0.35,0.36764705882352944,0.3116826764149521,recent7
519,5,0.4,0.0,0.043478260869565216,0.021587782385638278,recent7
519,10,0.4,0.2,0.15217391304347827,0.315973240929431,recent7
519,20,0.45,0.35,0.3695652173913043,0.5823751979045247,recent7
520,5,0.2,0.2,0.07317073170731707,0.033408274777863525,recent7
520,10,0.3,0.2,0.14634146341463414,0.07623193461219595,recent7
520,20,0.45,0.4,0.3902439024390244,0.18001811018542632,recent7
521,5,0.6,0.4,0.16326530612244897,0.08917825452438818,recent7
521,10,0.5,0.4,0.22448979591836735,0.15748679819972636,recent7
521,20,0.45,0.4,0.46938775510204084,0.6447766747722207,recent7
522,5,0.8,0.4,0.3,0.43515142219760977,recent7
522,10,0.6,0.5,0.425,0.5750724597597686,recent7
522,20,0.55,0.3,0.55,0.6661960684726658,recent7
523,5,0.8,0.2,0.18421052631578946,0.22067427521972977,recent7
523,10,0.5,0.2,0.21052631578947367,0.22954642954642954,recent7
523,20,0.4,0.4,0.34210526315789475,0.3203314294223385,recent7
524,5,0.8,0.2,0.15217391304347827,0.04564507708107426,recent7
524,10,0.5,0.2,0.17391304347826086,0.07243440793587956,recent7
524,20,0.6,0.4,0.3695652173913043,0.16617268226073886,recent7
525,5,0.6,0.4,0.17142857142857143,0.08328652820041317,recent7
525,10,0.4,0.2,0.2,0.1926518505980157,recent7
525,20,0.45,0.3,0.4,0.5081767926045325,recent7
526,5,0.2,0.2,0.09375,0.15877175378846267,recent7
526,10,0.3,0.3,0.28125,0.287898926501255,recent7
526,20,0.2,0.15,0.3125,0.2999562767150725,recent7
527,5,0.6,0.4,0.20588235294117646,0.3168299430383377,recent7
527,10,0.5,0.5,0.3235294117647059,0.3636192496003271,recent7
527,20,0.4,0.4,0.5,0.46508910462973446,recent7
528,5,0.4,0.2,0.13333333333333333,0.1607919700032252,recent7
528,10,0.2,0.1,0.13333333333333333,0.1607919700032252,recent7
528,20,0.25,0.25,0.23333333333333334,0.25384253662812023,recent7
529,5,0.8,0.2,0.14,0.044466389714901515,recent7
529,10,0.5,0.3,0.18,0.05862145695753958,recent7
529,20,0.45,0.35,0.32,0.18086237556939702,recent7
530,5,0.6,0.2,0.16279069767441862,0.16712393743079154,recent7
530,10,0.5,0.3,0.2558139534883721,0.214124550497347,recent7
530,20,0.5,0.35,0.4186046511627907,0.25767525509031675,recent7
531,5,0.2,0.2,0.09523809523809523,0.019921426926370726,recent7
531,10,0.4,0.2,0.23809523809523808,0.09092429571559857,recent7
531,20,0.4,0.25,0.35714285714285715,0.13736648279285463,recent7
532,5,0.8,0.2,0.17142857142857143,0.042455761030395354,recent7
532,10,0.5,0.2,0.2,0.295376543108767,recent7
532,20,0.55,0.45,0.5142857142857142,0.4981540023914432,recent7
533,5,0.6,0.4,0.24444444444444444,0.24131817948771644,recent7
533,10,0.6,0.5,0.4666666666666667,0.4474411457381795,recent7
533,20,0.55,0.5,0.6222222222222222,0.5244988695273534,recent7
534,5,0.6,0.2,0.1891891891891892,0.0830966110842826,recent7
534,10,0.5,0.4,0.2702702702702703,0.13990906314802715,recent7
534,20,0.45,0.4,0.3783783783783784,0.23697554185722808,recent7
535,5,0.4,0.0,0.09090909090909091,0.06601506707368303,recent7
535,10,0.3,0.2,0.11363636363636363,0.09340029810525792,recent7
535,20,0.35,0.35,0.22727272727272727,0.13466640528001045,recent7
536,5,0.4,0.2,0.10416666666666667,0.04630819168833104,recent7
536,10,0.4,0.1,0.14583333333333334,0.0764142337742441,recent7
536,20,0.35,0.3,0.3541666666666667,0.28318547272801303,recent7
537,5,0.6,0.2,0.1,0.03826045297586329,recent7
537,10,0.5,0.3,0.28,0.19985476824160966,recent7
537,20,0.55,0.4,0.52,0.32911827367890084,recent7
538,5,1.0,0.6,0.38095238095238093,0.37760727342896905,recent7
538,10,0.5,0.4,0.38095238095238093,0.37760727342896905,recent7
538,20,0.35,0.3,0.47619047619047616,0.3916420661991025,recent7
539,5,0.6,0.4,0.20408163265306123,0.5128577777756697,recent7
539,10,0.6,0.2,0.30612244897959184,0.632031104367257,recent7
539,20,0.5,0.35,0.40816326530612246,0.6903095780068559,recent7
431,5,0.8,0.4,0.16666666666666666,0.13595129246794022,logreg
431,10,0.7,0.4,0.2708333333333333,0.16523351400659758,logreg
431,20,0.55,0.35,0.3958333333333333,0.22924743044432894,logreg
432,5,0.8,0.6,0.3137254901960784,0.44157670665607174,logreg
432,10,0.7,0.5,0.4117647058823529,0.4951030744681538,logreg
432,20,0.5,0.45,0.5294117647058824,0.5859164938530018,logreg
433,5,0.6,0.2,0.17073170731707318,0.16715103432858325,logreg
433,10,0.6,0.3,0.2926829268292683,0.2867284836070416,logreg
433,20,0.55,0.5,0.5121951219512195,0.36909855625510146,logreg
434,5,0.6,0.2,0.13636363636363635,0.07365479667952791,logreg
434,10,0.7,0.5,0.29545454545454547,0.1841197055761739,logreg
434,20,0.5,0.45,0.5227272727272727,0.3011665114574067,logreg
435,5,0.4,0.2,0.15,0.14509496286544699,logreg
435,10,0.6,0.4,0.4,0.46992416796660147,logreg
435,20,0.5,0.4,0.5,0.6249172700467976,logreg
436,5,1.0,0.8,0.34210526315789475,0.4878957788437368,logreg
436,10,0.6,0.4,0.3684210526315789,0.4913329081500163,logreg
436,20,0.45,0.4,0.4473684210526316,0.5253738877889983,logreg
437,5,0.8,0.4,0.2857142857142857,0.08698614768325116,logreg
437,10,0.6,0.4,0.34285714285714286,0.100104821802935,logreg
437,20,0.4,0.35,0.4857142857142857,0.18286070029323706,logreg
438,5,1.0,0.4,0.21428571428571427,0.34945198418893086,logreg
438,10,1.0,0.7,0.38571428571428573,0.4048215246008508,logreg
438,20,0.85,0.65,0.6142857142857143,0.742657065205412,logreg
439,5,1.0,0.4,0.19117647058823528,0.3734393708813814,logreg
439,10,0.9,0.5,0.3235294117647059,0.4450699365578818,logreg
439,20,0.7,0.4,0.4411764705882353,0.5409362351319862,logreg
440,5,1.0,0.6,0.2777777777777778,0.21660735350230312,logreg
440,10,0.9,0.5,0.4027777777777778,0.29367408980805193,logreg
440,20,0.75,0.55,0.5277777777777778,0.4028126873762181,logreg
441,5,0.8,0.2,0.23076923076923078,0.3667313383110902,logreg
441,10,0.5,0.3,0.25,0.4840539757818845,logreg
441,20,0.45,0.35,0.38461538461538464,0.5713663572444218,logreg
442,5,0.8,0.6,0.23809523809523808,0.261050557727228,logreg
442,10,0.7,0.4,0.30952380952380953,0.3268171978567531,logreg
442,20,0.55,0.4,0.5238095238095238,0.7286689089060436,logreg
443,5,0.8,0.6,0.21739130434782608,0.11501591983920784,logreg
443,10,0.8,0.4,0.32608695652173914,0.18575119741594243,logreg
443,20,0.45,0.35,0.34782608695652173,0.1868020538599698,logreg
444,5,1.0,0.8,0.375,0.49026572870958673,logreg
444,10,0.6,0.6,0.4375,0.5180645735468243,logreg
444,20,0.45,0.45,0.5208333333333334,0.5776781176883331,logreg
445,5,1.0,0.4,0.28378378378378377,0.30441891445226815,logreg
445,10,0.8,0.4,0.3783783783783784,0.36181171686415126,logreg
445,20,0.6,0.5,0.4864864864864865,0.5399705525896694,logreg
446,5,0.8,0.4,0.2597402597402597,0.22829177739649947,logreg
446,10,0.7,0.4,0.36363636363636365,0.43391541615723994,logreg
446,20,0.65,0.5,0.5714285714285714,0.6097406411469741,logreg
447,5,0.8,0.8,0.3142857142857143,0.20285615589231126,logreg
447,10,0.5,0.4,0.34285714285714286,0.2203699812406276,logreg
447,20,0.5,0.45,0.4714285714285714,0.34592605303611057,logreg
448,5,0.6,0.6,0.37735849056603776,0.4027852441238839,logreg
448,10,0.7,0.4,0.4716981132075472,0.5376599242509689,logreg
448,20,0.5,0.4,0.5471698113207547,0.5688403621149379,logreg
449,5,0.6,0.4,0.18518518518518517,0.12881163556012157,logreg
449,10,0.6,0.5,0.37037037037037035,0.21622272947040974,logreg
449,20,0.7,0.45,0.5740740740740741,0.30867751609831,logreg
450,5,0.8,0.2,0.1956521739130435,0.12072323225800421,logreg
450,10,0.6,0.3,0.30434782608695654,0.18618952495133448,logreg
450,20,0.45,0.25,0.391304347826087,0.43818266631886355,logreg
451,5,0.8,0.4,0.24390243902439024,0.39345908594849244,logreg
451,10,0.8,0.8,0.4634146341463415,0.5673231893011395,logreg
451,20,0.6,0.6,0.5853658536585366,0.6270650254054393,logreg
452,5,1.0,0.8,0.34146341463414637,0.34129462442663067,logreg
452,10,0.7,0.6,0.3902439024390244,0.4226353292119257,logreg
452,20,0.65,0.55,0.5,0.5738168520948732,logreg
453,5,1.0,0.4,0.22340425531914893,0.14926476249546958,logreg
453,10,0.9,0.7,0.4148936170212766,0.3846030028670145,logreg
453,20,0.7,0.55,0.5531914893617021,0.6090483588374306,logreg
454,5,0.8,0.6,0.2875,0.33020740801136267,logreg
454,10,0.6,0.6,0.4,0.3794570043668631,logreg
454,20,0.5,0.45,0.5125,0.47590380225753154,logreg
455,5,0.8,0.6,0.3333333333333333,0.18502156175859566,logreg
455,10,0.8,0.6,0.48148148148148145,0.68183117962968,logreg
455,20,0.5,0.4,0.5370370370370371,0.6993723068403473,logreg
456,5,0.8,0.8,0.34285714285714286,0.22983053481077195,logreg
456,10,0.7,0.5,0.4,0.26122539355740937,logreg
456,20,0.65,0.4,0.5142857142857142,0.35017975934971984,logreg
457,5,0.8,0.6,0.28169014084507044,0.20319090263027415,logreg
457,10,0.7,0.5,0.36619718309859156,0.3073699297635394,logreg
457,20,0.5,0.4,0.4507042253521127,0.4484207364409515,logreg
458,5,0.6,0.4,0.1864406779661017,0.2979012956965745,logreg
458,10,0.5,0.5,0.3050847457627119,0.39502686853006685,logreg
458,20,0.5,0.4,0.4067796610169492,0.4636929136668183,logreg
459,5,0.8,0.4,0.1896551724137931,0.11546906253258912,logreg
459,10,0.6,0.2,0.22413793103448276,0.12210636023734431,logreg
459,20,0.55,0.3,0.3620689655172414,0.3259935982051675,logreg
460,5,0.8,0.6,0.25,0.3330914164924207,logreg
460,10,0.7,0.4,0.325,0.35925586657003855,logreg
460,20,0.6,0.45,0.45,0.4513575589828263,logreg
461,5,0.6,0.0,0.08333333333333333,0.18103295428592034,logreg
461,10,0.5,0.1,0.16666666666666666,0.24489953841160703,logreg
461,20,0.5,0.25,0.3888888888888889,0.32210891202173314,logreg
462,5,0.2,0.0,0.05128205128205128,0.04558384508128168,logreg
462,10,0.4,0.4,0.2564102564102564,0.24116571082434096,logreg
462,20,0.3,0.25,0.3076923076923077,0.27402963729098345,logreg
463,5,0.6,0.4,0.17391304347826086,0.20864085894174064,logreg
463,10,0.5,0.4,0.2826086956521739,0.377966315320491,logreg
463,20,0.55,0.45,0.45652173913043476,0.6113848471702759,logreg
464,5,0.8,0.2,0.17647058823529413,0.11279708335360283,logreg
464,10,0.6,0.2,0.23529411764705882,0.13750222964536477,logreg
464,20,0.5,0.4,0.5294117647058824,0.5410937153729318,logreg
465,5,0.6,0.2,0.15384615384615385,0.2537602544772387,logreg
465,10,0.5,0.2,0.19230769230769232,0.37793790260491855,logreg
465,20,0.35,0.3,0.23076923076923078,0.38781022425508543,logreg
466,5,0.8,0.2,0.16363636363636364,0.40583855346794234,logreg
466,10,0.8,0.4,0.3090909090909091,0.5116908378272673,logreg
466,20,0.6,0.45,0.5272727272727272,0.6497234737271538,logreg
467,5,1.0,0.2,0.25925925925925924,0.3631408188414882,logreg
467,10,0.6,0.3,0.2777777777777778,0.3664745293144519,logreg
467,20,0.55,0.3,0.5740740740740741,0.660501554936503,logreg
468,5,0.8,0.6,0.2125,0.2894601502295359,logreg
468,10,0.7,0.5,0.3125,0.371000214783496,logreg
468,20,0.6,0.4,0.4625,0.5658248243643264,logreg
469,5,0.4,0.2,0.0851063829787234,0.027604065562442125,logreg
469,10,0.4,0.2,0.2765957446808511,0.28998943949443323,logreg
469,20,0.4,0.3,0.425531914893617,0.5550547236048508,logreg
470,5,0.8,0.4,0.3392857142857143,0.5118792370966284,logreg
470,10,0.7,0.5,0.44642857142857145,0.5403938482199352,logreg
470,20,0.45,0.35,0.5357142857142857,0.6296370139848401,logreg
471,5,0.6,0.6,0.46551724137931033,0.5351648034816547,logreg
471,10,0.6,0.6,0.603448275862069,0.6416751517836955,logreg
471,20,0.35,0.35,0.6206896551724138,0.646177827820157,logreg
472,5,0.8,0.8,0.4528301886792453,0.6223110780727322,logreg
472,10,0.4,0.4,0.4528301886792453,0.6223110780727322,logreg
472,20,0.35,0.3,0.5660377358490566,0.754524932021362,logreg
473,5,0.8,0.4,0.3157894736842105,0.16496570712697917,logreg
473,10,0.6,0.4,0.40350877192982454,0.2934223451529058,logreg
473,20,0.45,0.35,0.47368421052631576,0.31791851437167673,logreg
474,5,0.8,0.6,0.38181818181818183,0.2629936491266505,logreg
474,10,0.6,0.3,0.41818181818181815,0.5682177324400489,logreg
474,20,0.45,0.25,0.4909090909090909,0.5930406138571743,logreg
475,5,0.8,0.6,0.3584905660377358,0.37777075216664063,logreg
475,10,0.5,0.4,0.37735849056603776,0.4042343872392625,logreg
475,20,0.45,0.45,0.49056603773584906,0.4846373660127065,logreg
476,5,0.8,0.6,0.3269230769230769,0.4051171309436555,logreg
476,10,0.7,0.5,0.4230769230769231,0.4704668021047005,logreg
476,20,0.5,0.4,0.5,0.5282946886756205,logreg
477,5,0.8,0.6,0.45098039215686275,0.4353355911230839,logreg
477,10,0.7,0.7,0.5882352941176471,0.4743557726700029,logreg
477,20,0.45,0.4,0.6862745098039216,0.6577958193295589,logreg
478,5,0.8,0.4,0.288135593220339,0.2719978272058784,logreg
478,10,0.7,0.4,0.3559322033898305,0.29498890338460293,logreg
478,20,0.55,0.4,0.423728813559322,0.3308804036260846,logreg
479,5,0.8,0.4,0.42424242424242425,0.4845778999297135,logreg
479,10,0.6,0.5,0.5454545454545454,0.516856057576593,logreg
479,20,0.5,0.5,0.6666666666666666,0.5670502157993137,logreg
480,5,0.8,0.6,0.35185185185185186,0.44411217687010984,logreg
480,10,0.5,0.5,0.42592592592592593,0.4860295106789677,logreg
480,20,0.3,0.3,0.46296296296296297,0.501963885160818,logreg
481,5,0.6,0.4,0.3387096774193548,0.3585957272035926,logreg
481,10,0.6,0.3,0.41935483870967744,0.4824167125783736,logreg
481,20,0.5,0.3,0.532258064516129,0.6097664259339597,logreg
482,5,0.8,0.6,0.296875,0.38574354546873996,logreg
482,10,0.6,0.4,0.34375,0.5105848801858979,logreg
482,20,0.4,0.25,0.375,0.5256459123598188,logreg
483,5,1.0,0.8,0.42424242424242425,0.29010961347740133,logreg
483,10,0.6,0.5,0.45454545454545453,0.4278111375626355,logreg
483,20,0.5,0.35,0.5151515151515151,0.47639349740994485,logreg
484,5,1.0,0.6,0.37037037037037035,0.22235863932070193,logreg
484,10,0.6,0.6,0.4074074074074074,0.2546187591485948,logreg
484,20,0.6,0.45,0.6296296296296297,0.3506555961975088,logreg
485,5,0.8,0.6,0.32075471698113206,0.4414609145818551,logreg
485,10,0.8,0.4,0.4339622641509434,0.625722394960743,logreg
485,20,0.65,0.55,0.6037735849056604,0.7446419964605306,logreg
486,5,1.0,0.4,0.3013698630136986,0.2793243975987535,logreg
486,10,0.9,0.6,0.4657534246575342,0.42090610406115847,logreg
486,20,0.6,0.5,0.5616438356164384,0.5090936173222372,logreg
487,5,1.0,0.6,0.2911392405063291,0.23901663255695746,logreg
487,10,0.9,0.7,0.4936708860759494,0.3592783475509612,logreg
487,20,0.8,0.55,0.6329113924050633,0.43462862591959966,logreg
488,5,1.0,0.4,0.2898550724637681,0.27674410616348166,logreg
488,10,0.8,0.6,0.4057971014492754,0.46113235703844496,logreg
488,20,0.7,0.5,0.5362318840579711,0.5597490817815537,logreg
489,5,1.0,0.4,0.26785714285714285,0.22682515065930786,logreg
489,10,1.0,0.6,0.4642857142857143,0.5587987413574,logreg
489,20,0.7,0.5,0.5357142857142857,0.6130671355312903,logreg
490,5,0.8,0.6,0.40625,0.35370081023246885,logreg
490,10,0.9,0.6,0.515625,0.5444655763284909,logreg
490,20,0.7,0.55,0.671875,0.7838053229721457,logreg
491,5,1.0,0.4,0.2608695652173913,0.21992110406188475,logreg
491,10,0.7,0.4,0.41304347826086957,0.5053377717311532,logreg
491,20,0.5,0.3,0.5217391304347826,0.5727299370959615,logreg
492,5,0.4,0.4,0.13513513513513514,0.09255923697017897,logreg
492,10,0.5,0.4,0.2702702702702703,0.14302019148421324,logreg
492,20,0.35,0.3,0.32432432432432434,0.21053848637782993,logreg
493,5,0.8,0.6,0.3617021276595745,0.4751277639986942,logreg
493,10,0.6,0.4,0.425531914893617,0.5071217641562886,logreg
493,20,0.55,0.4,0.5319148936170213,0.6831434071150101,logreg
494,5,0.6,0.4,0.24285714285714285,0.12478444406401751,logreg
494,10,0.5,0.4,0.44285714285714284,0.43007517541227774,logreg
494,20,0.6,0.5,0.6142857142857143,0.8090456247886195,logreg
495,5,0.8,0.4,0.25316455696202533,0.22992610347745468,logreg
495,10,0.7,0.4,0.3291139240506329,0.2849780710168393,logreg
495,20,0.7,0.6,0.5569620253164557,0.5262586231793572,logreg
496,5,0.8,0.4,0.19402985074626866,0.3015808884409803,logreg
496,10,0.8,0.3,0.2835820895522388,0.37045119709008634,logreg
496,20,0.65,0.5,0.47761194029850745,0.44699690377811907,logreg
497,5,0.6,0.4,0.23529411764705882,0.15891116786776519,logreg
497,10,0.6,0.5,0.37254901960784315,0.23537355940147264,logreg
497,20,0.45,0.35,0.47058823529411764,0.30557380758416824,logreg
498,5,1.0,0.4,0.2978723404255319,0.15628601429723057,logreg
498,10,0.8,0.4,0.425531914893617,0.20151060097254112,logreg
498,20,0.65,0.4,0.5319148936170213,0.267828908364582,logreg
499,5,0.8,0.4,0.3023255813953488,0.4215286123519497,logreg
499,10,0.6,0.4,0.3488372093023256,0.4714260699555818,logreg
499,20,0.55,0.45,0.5581395348837209,0.5903047046048339,logreg
500,5,0.4,0.4,0.2391304347826087,0.2299994658615232,logreg
500,10,0.5,0.3,0.34782608695652173,0.39348351058297,logreg
500,20,0.5,0.4,0.5,0.5347715714635113,logreg
501,5,0.8,0.4,0.2641509433962264,0.3000656700207991,logreg
501,10,0.7,0.5,0.37735849056603776,0.35527352571661175,logreg
501,20,0.6,0.5,0.49056603773584906,0.43926681201860035,logreg
502,5,0.6,0.6,0.2857142857142857,0.23733139335707196,logreg
502,10,0.5,0.4,0.3333333333333333,0.39374078158577086,logreg
502,20,0.55,0.4,0.47619047619047616,0.45498259531451013,logreg
503,5,0.8,0.6,0.36363636363636365,0.4296428265838722,logreg
503,10,0.6,0.4,0.4,0.4456740700900879,logreg
503,20,0.45,0.35,0.4727272727272727,0.5014240486987984,logreg
504,5,0.8,0.4,0.27450980392156865,0.16683229749366915,logreg
504,10,0.6,0.5,0.35294117647058826,0.22404092634215964,logreg
504,20,0.5,0.35,0.43137254901960786,0.25865324021775277,logreg
505,5,0.6,0.4,0.25,0.2750648591213921,logreg
505,10,0.6,0.3,0.32142857142857145,0.31953212597713543,logreg
505,20,0.55,0.4,0.5,0.500111429843809,logreg
506,5,0.4,0.4,0.17307692307692307,0.321848501862682,logreg
506,10,0.4,0.4,0.25,0.36788618719168753,logreg
506,20,0.35,0.35,0.38461538461538464,0.41643522597855126,logreg
507,5,0.8,0.2,0.22413793103448276,0.2582588311011346,logreg
507,10,0.8,0.6,0.4827586206896552,0.42370624466866186,logreg
507,20,0.6,0.5,0.7068965517241379,0.805602357752538,logreg
508,5,0.8,0.4,0.23333333333333334,0.11840418736206787,logreg
508,10,0.6,0.3,0.26666666666666666,0.341899339235504,logreg
508,20,0.4,0.25,0.31666666666666665,0.36692224482518226,logreg
509,5,1.0,0.6,0.35294117647058826,0.42587411473387504,logreg
509,10,0.7,0.4,0.4117647058823529,0.4930488002795813,logreg
509,20,0.55,0.45,0.5,0.5884549249820035,logreg
510,5,0.8,0.6,0.4,0.24449604921889137,logreg
510,10,0.7,0.4,0.4888888888888889,0.30412174936718867,logreg
510,20,0.4,0.35,0.5111111111111111,0.3168746919139501,logreg
511,5,1.0,0.4,0.3125,0.3772888306406177,logreg
511,10,0.8,0.6,0.484375,0.5417150702645854,logreg
511,20,0.65,0.5,0.640625,0.6368613407953124,logreg
512,5,0.6,0.6,0.32653061224489793,0.32653341976214134,logreg
512,10,0.5,0.3,0.3673469387755102,0.38795469515527653,logreg
512,20,0.5,0.45,0.5102040816326531,0.5631853651205928,logreg
513,5,0.8,0.6,0.3333333333333333,0.3447137755200441,logreg
513,10,0.6,0.6,0.4791666666666667,0.4739657186365607,logreg
513,20,0.4,0.4,0.5625,0.509139712362573,logreg
514,5,1.0,0.2,0.14285714285714285,0.13458983437240005,logreg
514,10,0.7,0.5,0.3492063492063492,0.3742289465292973,logreg
514,20,0.55,0.4,0.47619047619047616,0.4688678571035878,logreg
515,5,0.8,0.6,0.25,0.24011514507812287,logreg
515,10,0.7,0.4,0.3382352941176471,0.4161653605644535,logreg
515,20,0.6,0.5,0.47058823529411764,0.5806141913275993,logreg
516,5,0.8,0.2,0.11666666666666667,0.15013898490348873,logreg
516,10,0.7,0.2,0.25,0.24708050266206763,logreg
516,20,0.65,0.35,0.43333333333333335,0.4370066307381039,logreg
517,5,0.4,0.2,0.2222222222222222,0.12943647411313178,logreg
517,10,0.5,0.4,0.375,0.3114676548645091,logreg
517,20,0.45,0.4,0.5,0.36249626131500273,logreg
518,5,0.6,0.2,0.16176470588235295,0.07396487191218237,logreg
518,10,0.8,0.5,0.3235294117647059,0.23615698086923365,logreg
518,20,0.7,0.5,0.5588235294117647,0.4649697143586572,logreg
519,5,0.6,0.2,0.13043478260869565,0.12290168341090926,logreg
519,10,0.6,0.3,0.21739130434782608,0.37490385606559196,logreg
519,20,0.45,0.4,0.391304347826087,0.5945111394807302,logreg
520,5,0.4,0.0,0.04878048780487805,0.015292833097200089,logreg
520,10,0.5,0.2,0.1951219512195122,0.12555184697610078,logreg
520,20,0.45,0.2,0.2926829268292683,0.13433887071764597,logreg
521,5,0.8,0.6,0.20408163265306123,0.09942364004432586,logreg
521,10,0.8,0.6,0.40816326530612246,0.5064076017345864,logreg
521,20,0.5,0.4,0.46938775510204084,0.5739449067785262,logreg
522,5,0.8,0.8,0.375,0.5564155252146136,logreg
522,10,0.6,0.4,0.425,0.5630828917022811,logreg
522,20,0.65,0.4,0.625,0.7183890958668865,logreg
523,5,0.6,0.2,0.15789473684210525,0.1875050965960057,logreg
523,10,0.5,0.3,0.23684210526315788,0.2562550744368926,logreg
523,20,0.3,0.2,0.2631578947368421,0.2914324005233096,logreg
524,5,0.6,0.2,0.13043478260869565,0.03866331606395979,logreg
524,10,0.4,0.3,0.15217391304347827,0.0654526469187651,logreg
524,20,0.45,0.3,0.2826086956521739,0.12360109468321313,logreg
525,5,0.6,0.4,0.2,0.1597859915443001,logreg
525,10,0.5,0.4,0.2857142857142857,0.21460858726720858,logreg
525,20,0.4,0.35,0.37142857142857144,0.36629953489803535,logreg
526,5,0.4,0.4,0.1875,0.18141188400823277,logreg
526,10,0.5,0.4,0.375,0.32183440023965404,logreg
526,20,0.3,0.3,0.40625,0.32876323211053554,logreg
527,5,0.6,0.4,0.17647058823529413,0.1149182784723744,logreg
527,10,0.5,0.4,0.3235294117647059,0.2104309113718892,logreg
527,20,0.3,0.3,0.4117647058823529,0.4476211556760907,logreg
528,5,0.4,0.2,0.13333333333333333,0.1607919700032252,logreg
528,10,0.4,0.2,0.26666666666666666,0.3050702033842389,logreg
528,20,0.2,0.2,0.26666666666666666,0.3050702033842389,logreg
529,5,0.4,0.0,0.06,0.0233974588848002,logreg
529,10,0.4,0.2,0.12,0.03488010710272777,logreg
529,20,0.5,0.35,0.3,0.10119589464063394,logreg
530,5,0.4,0.4,0.11627906976744186,0.09075943077594108,logreg
530,10,0.4,0.3,0.18604651162790697,0.09923873956291043,logreg
530,20,0.4,0.2,0.3023255813953488,0.14632693356595755,logreg
531,5,0.4,0.4,0.19047619047619047,0.07393560764444007,logreg
531,10,0.6,0.4,0.30952380952380953,0.12676247185433795,logreg
531,20,0.45,0.35,0.38095238095238093,0.13059363589407616,logreg
532,5,0.8,0.4,0.2857142857142857,0.08859478141226187,logreg
532,10,0.7,0.3,0.42857142857142855,0.435733512418579,logreg
532,20,0.4,0.35,0.45714285714285713,0.46505981338007024,logreg
533,5,0.8,0.4,0.26666666666666666,0.25291969564253525,logreg
533,10,0.5,0.4,0.37777777777777777,0.3576084672437337,logreg
533,20,0.45,0.45,0.5333333333333333,0.49111183483184445,logreg
534,5,0.4,0.2,0.16216216216216217,0.07036065818254127,logreg
534,10,0.4,0.2,0.21621621621621623,0.134470073573275,logreg
534,20,0.35,0.3,0.32432432432432434,0.22951879101212966,logreg
535,5,0.4,0.4,0.09090909090909091,0.06601506707368303,logreg
535,10,0.3,0.2,0.11363636363636363,0.09340029810525792,logreg
535,20,0.3,0.3,0.20454545454545456,0.18473999807071753,logreg
536,5,0.4,0.4,0.16666666666666666,0.1728795264533466,logreg
536,10,0.5,0.3,0.3125,0.3073505244929411,logreg
536,20,0.5,0.4,0.4375,0.6234418760985591,logreg
537,5,1.0,0.4,0.24,0.19183443941566994,logreg
537,10,0.7,0.5,0.36,0.3050135426955425,logreg
537,20,0.6,0.45,0.58,0.36025651778048223,logreg
538,5,0.8,0.4,0.2857142857142857,0.25800779899350995,logreg
538,10,0.7,0.6,0.47619047619047616,0.3916420661991025,logreg
538,20,0.45,0.4,0.5238095238095238,0.4526405974176445,logreg
539,5,0.6,0.2,0.12244897959183673,0.39552056509239625,logreg
539,10,0.7,0.4,0.30612244897959184,0.5634849072005927,logreg
539,20,0.5,0.45,0.40816326530612246,0.6887001916749239,logreg
431,5,0.8,0.4,0.1875,0.11729350743023219,hgb
431,10,0.6,0.3,0.22916666666666666,0.15479618570807302,hgb
431,20,0.5,0.3,0.3541666666666667,0.2133661444466837,hgb
432,5,0.8,0.4,0.29411764705882354,0.38489188647918804,hgb
432,10,0.6,0.6,0.39215686274509803,0.49443313887758333,hgb
432,20,0.45,0.45,0.5098039215686274,0.5840022998753157,hgb
433,5,0.6,0.2,0.17073170731707318,0.16715103432858325,hgb
433,10,0.6,0.3,0.2926829268292683,0.2867284836070416,hgb
433,20,0.55,0.45,0.4634146341463415,0.49227556069357603,hgb
434,5,0.8,0.4,0.18181818181818182,0.13609501550537764,hgb
434,10,0.6,0.5,0.3181818181818182,0.19529093093178787,hgb
434,20,0.5,0.5,0.5227272727272727,0.3011665114574067,hgb
435,5,0.6,0.4,0.225,0.3848822845189039,hgb
435,10,0.7,0.4,0.425,0.47232987385372804,hgb
435,20,0.5,0.35,0.5,0.625799722880956,hgb
436,5,0.8,0.6,0.2631578947368421,0.45654664586453825,hgb
436,10,0.7,0.4,0.39473684210526316,0.5037539393511314,hgb
436,20,0.4,0.25,0.42105263157894735,0.5156093867180764,hgb
437,5,0.8,0.4,0.2857142857142857,0.08698614768325116,hgb
437,10,0.7,0.5,0.42857142857142855,0.17260070262505472,hgb
437,20,0.35,0.35,0.42857142857142855,0.17260070262505472,hgb
438,5,1.0,0.6,0.22857142857142856,0.30425830583868807,hgb
438,10,1.0,0.6,0.38571428571428573,0.4968064744341317,hgb
438,20,0.8,0.65,0.6,0.7400817728543231,hgb
439,5,1.0,0.4,0.17647058823529413,0.36774683243865436,hgb
439,10,1.0,0.5,0.35294117647058826,0.44132384359701754,hgb
439,20,0.75,0.45,0.45588235294117646,0.5236428816173573,hgb
440,5,1.0,0.6,0.2916666666666667,0.22091609357526026,hgb
440,10,1.0,0.5,0.4305555555555556,0.30164921354983676,hgb
440,20,0.75,0.5,0.5277777777777778,0.4028126873762181,hgb
441,5,0.8,0.2,0.23076923076923078,0.3667313383110902,hgb
441,10,0.5,0.4,0.25,0.36914661736814713,hgb
441,20,0.45,0.35,0.38461538461538464,0.5776445149953293,hgb
442,5,1.0,0.4,0.2619047619047619,0.2958753380503848,hgb
442,10,0.8,0.5,0.35714285714285715,0.3549562584419418,hgb
442,20,0.55,0.45,0.47619047619047616,0.5371546071757624,hgb
443,5,0.8,0.2,0.17391304347826086,0.1307978440750019,hgb
443,10,0.8,0.4,0.32608695652173914,0.18575119741594243,hgb
443,20,0.6,0.45,0.41304347826086957,0.20527510857326364,hgb
444,5,0.8,0.4,0.22916666666666666,0.36652491545230115,hgb
444,10,0.7,0.7,0.4583333333333333,0.5669629383130702,hgb
444,20,0.45,0.4,0.5208333333333334,0.5855311865569803,hgb
445,5,1.0,0.6,0.28378378378378377,0.30441891445226815,hgb
445,10,0.9,0.5,0.3918918918918919,0.4540910866495057,hgb
445,20,0.65,0.55,0.5,0.5446116247157924,hgb
446,5,0.8,0.4,0.2597402597402597,0.22829177739649947,hgb
446,10,0.8,0.5,0.4025974025974026,0.4709825270100458,hgb
446,20,0.65,0.55,0.5974025974025974,0.6013902136301743,hgb
447,5,0.6,0.4,0.21428571428571427,0.1402064830276292,hgb
447,10,0.5,0.3,0.2857142857142857,0.18073291035511085,hgb
447,20,0.5,0.35,0.4714285714285714,0.35197054057190325,hgb
448,5,0.8,0.4,0.3018867924528302,0.3062293983776993,hgb
448,10,0.6,0.4,0.4528301886792453,0.5349598330923758,hgb
448,20,0.55,0.4,0.5849056603773585,0.5871321369927625,hgb
449,5,0.6,0.4,0.18518518518518517,0.12881163556012157,hgb
449,10,0.6,0.4,0.3148148148148148,0.20033346229757937,hgb
449,20,0.55,0.45,0.5185185185185185,0.2787177297999478,hgb
450,5,0.8,0.4,0.2391304347826087,0.14934221874041453,hgb
450,10,0.7,0.3,0.32608695652173914,0.19509928958094538,hgb
450,20,0.45,0.45,0.391304347826087,0.43818266631886355,hgb
451,5,0.8,0.2,0.1951219512195122,0.17501585288522511,hgb
451,10,0.7,0.6,0.36585365853658536,0.27718518075010684,hgb
451,20,0.55,0.55,0.5121951219512195,0.5848530784534116,hgb
452,5,0.8,0.4,0.1951219512195122,0.16315661875925605,hgb
452,10,0.8,0.5,0.3048780487804878,0.32034940612027274,hgb
452,20,0.7,0.55,0.6097560975609756,0.699134609810215,hgb
453,5,1.0,0.4,0.2872340425531915,0.24976989036560268,hgb
453,10,0.8,0.6,0.39361702127659576,0.347137318108763,hgb
453,20,0.7,0.55,0.5638297872340425,0.6183742710735758,hgb
454,5,0.8,0.6,0.2875,0.33020740801136267,hgb
454,10,0.6,0.5,0.4,0.3794570043668631,hgb
454,20,0.4,0.35,0.475,0.40864170928072313,hgb
455,5,0.6,0.4,0.2777777777777778,0.15296075537437032,hgb
455,10,0.8,0.6,0.48148148148148145,0.4070883096784401,hgb
455,20,0.5,0.5,0.5370370370370371,0.6993723068403473,hgb
456,5,0.6,0.6,0.24285714285714285,0.20525507181633665,hgb
456,10,0.6,0.4,0.37142857142857144,0.2429227646618951,hgb
456,20,0.7,0.5,0.5857142857142857,0.39852346777247966,hgb
457,5,0.8,0.6,0.28169014084507044,0.20319090263027415,hgb
457,10,0.6,0.5,0.323943661971831,0.23791973160650673,hgb
457,20,0.55,0.4,0.4788732394366197,0.45529866782973166,hgb
458,5,0.6,0.6,0.22033898305084745,0.33151520963995873,hgb
458,10,0.5,0.4,0.3050847457627119,0.39502686853006685,hgb
458,20,0.5,0.35,0.4067796610169492,0.4474316540130313,hgb
459,5,0.8,0.4,0.1896551724137931,0.11546906253258912,hgb
459,10,0.4,0.2,0.1896551724137931,0.11546906253258912,hgb
459,20,0.6,0.4,0.41379310344827586,0.38784723755444045,hgb
460,5,0.6,0.4,0.2,0.1727265448972356,hgb
460,10,0.8,0.3,0.35,0.3649932467770126,hgb
460,20,0.7,0.5,0.5,0.49308093573988604,hgb
461,5,0.4,0.0,0.05555555555555555,0.16637767306559603,hgb
461,10,0.5,0.2,0.16666666666666666,0.18659320118762848,hgb
461,20,0.4,0.4,0.3055555555555556,0.28167109422894304,hgb
462,5,0.2,0.0,0.02564102564102564,0.004176089468601098,hgb
462,10,0.4,0.3,0.20512820512820512,0.1958665134302811,hgb
462,20,0.25,0.2,0.23076923076923078,0.21213793034111852,hgb
463,5,0.6,0.4,0.1956521739130435,0.29802455710450104,hgb
463,10,0.5,0.3,0.2391304347826087,0.35041871358056537,hgb
463,20,0.45,0.4,0.41304347826086957,0.5468301168939278,hgb
464,5,0.8,0.4,0.17647058823529413,0.11279708335360283,hgb
464,10,0.4,0.2,0.17647058823529413,0.11279708335360283,hgb
464,20,0.4,0.35,0.3235294117647059,0.17584672471852417,hgb
465,5,0.6,0.2,0.15384615384615385,0.2537602544772387,hgb
465,10,0.4,0.2,0.17307692307692307,0.2793712003374745,hgb
465,20,0.3,0.25,0.21153846153846154,0.3864805985700561,hgb
466,5,1.0,0.4,0.2727272727272727,0.5156172779226599,hgb
466,10,0.8,0.4,0.36363636363636365,0.5905919104726054,hgb
466,20,0.65,0.5,0.5454545454545454,0.657318589891982,hgb
467,5,0.8,0.2,0.2222222222222222,0.28964812872489093,hgb
467,10,0.7,0.4,0.35185185185185186,0.4993532564987784,hgb
467,20,0.5,0.4,0.5555555555555556,0.6522654369876125,hgb
468,5,0.8,0.6,0.2125,0.2894601502295359,hgb
468,10,0.8,0.5,0.325,0.3862959211202037,hgb
468,20,0.65,0.45,0.425,0.48632817580437904,hgb
469,5,0.6,0.2,0.10638297872340426,0.03775992202997004,hgb
469,10,0.3,0.1,0.10638297872340426,0.03775992202997004,hgb
469,20,0.35,0.3,0.3829787234042553,0.5457908289238347,hgb
470,5,0.8,0.4,0.3392857142857143,0.4818408853191462,hgb
470,10,0.7,0.6,0.44642857142857145,0.5403938482199352,hgb
470,20,0.4,0.4,0.4642857142857143,0.553420539507496,hgb
471,5,0.6,0.6,0.46551724137931033,0.5432763730335647,hgb
471,10,0.6,0.6,0.603448275862069,0.6416751517836955,hgb
471,20,0.35,0.35,0.6206896551724138,0.6601934454936821,hgb
472,5,1.0,0.8,0.5283018867924528,0.7422152233024902,hgb
472,10,0.5,0.5,0.5283018867924528,0.7422152233024902,hgb
472,20,0.45,0.4,0.6037735849056604,0.7734181028580371,hgb
473,5,0.8,0.6,0.3333333333333333,0.276003556329052,hgb
473,10,0.7,0.4,0.42105263157894735,0.2948216942791735,hgb
473,20,0.4,0.3,0.43859649122807015,0.2974788617227197,hgb
474,5,0.8,0.6,0.38181818181818183,0.2629936491266505,hgb
474,10,0.6,0.4,0.43636363636363634,0.2903177794489884,hgb
474,20,0.4,0.3,0.4727272727272727,0.5857004405675851,hgb
475,5,1.0,0.6,0.37735849056603776,0.4042343872392625,hgb
475,10,0.7,0.4,0.41509433962264153,0.4356613595457171,hgb
475,20,0.45,0.4,0.49056603773584906,0.4920675923766122,hgb
476,5,0.8,0.6,0.3269230769230769,0.4051171309436555,hgb
476,10,0.7,0.4,0.40384615384615385,0.4302852123857481,hgb
476,20,0.55,0.5,0.5192307692307693,0.5321703589654458,hgb
477,5,0.8,0.6,0.45098039215686275,0.3739426680372374,hgb
477,10,0.7,0.7,0.5882352941176471,0.4743557726700029,hgb
477,20,0.4,0.4,0.6666666666666666,0.6470815221068981,hgb
478,5,0.8,0.4,0.288135593220339,0.2719978272058784,hgb
478,10,0.6,0.4,0.3389830508474576,0.2883677244850886,hgb
478,20,0.6,0.5,0.4915254237288136,0.37292346491409994,hgb
479,5,0.8,0.6,0.42424242424242425,0.4845778999297135,hgb
479,10,0.7,0.5,0.5757575757575758,0.5268758826977595,hgb
479,20,0.5,0.5,0.6666666666666666,0.6308942569249139,hgb
480,5,0.8,0.6,0.35185185185185186,0.44411217687010984,hgb
480,10,0.5,0.5,0.42592592592592593,0.4860295106789677,hgb
480,20,0.3,0.3,0.4444444444444444,0.49347991690833953,hgb
481,5,0.8,0.6,0.3870967741935484,0.425066716382771,hgb
481,10,0.6,0.4,0.43548387096774194,0.5261820222901835,hgb
481,20,0.5,0.4,0.532258064516129,0.647704036206709,hgb
482,5,0.8,0.6,0.296875,0.38574354546873996,hgb
482,10,0.6,0.4,0.34375,0.5105848801858979,hgb
482,20,0.35,0.3,0.375,0.5180924345821432,hgb
483,5,1.0,0.6,0.42424242424242425,0.29010961347740133,hgb
483,10,0.7,0.5,0.4696969696969697,0.44181240926126464,hgb
483,20,0.6,0.45,0.5454545454545454,0.49925716307039264,hgb
484,5,0.8,0.6,0.3333333333333333,0.19840968196963635,hgb
484,10,0.7,0.7,0.4444444444444444,0.2602672026824428,hgb
484,20,0.55,0.55,0.6111111111111112,0.342207031661202,hgb
485,5,0.8,0.6,0.32075471698113206,0.4414609145818551,hgb
485,10,0.8,0.5,0.4528301886792453,0.6464545637044349,hgb
485,20,0.6,0.55,0.5849056603773585,0.7418227249473381,hgb
486,5,1.0,0.6,0.3698630136986301,0.2940669665724371,hgb
486,10,0.9,0.6,0.5068493150684932,0.44503055138225983,hgb
486,20,0.6,0.4,0.5616438356164384,0.48534798142270213,hgb
487,5,1.0,0.6,0.2911392405063291,0.23901663255695746,hgb
487,10,0.8,0.4,0.4177215189873418,0.308850476782804,hgb
487,20,0.8,0.65,0.6455696202531646,0.4346990088603085,hgb
488,5,1.0,0.2,0.2028985507246377,0.18557617809939278,hgb
488,10,0.8,0.5,0.37681159420289856,0.4409143763684222,hgb
488,20,0.75,0.55,0.5652173913043478,0.6708217085033326,hgb
489,5,1.0,0.6,0.2857142857142857,0.3297477166627477,hgb
489,10,0.9,0.5,0.39285714285714285,0.534175422651868,hgb
489,20,0.7,0.35,0.5357142857142857,0.6130671355312903,hgb
490,5,0.8,0.4,0.34375,0.3643527882145262,hgb
490,10,0.9,0.6,0.5625,0.7155462647893509,hgb
490,20,0.75,0.65,0.71875,0.8165452176926246,hgb
491,5,0.8,0.4,0.2391304347826087,0.31809346526610416,hgb
491,10,0.7,0.4,0.41304347826086957,0.5053377717311532,hgb
491,20,0.5,0.3,0.5217391304347826,0.5727299370959615,hgb
492,5,0.4,0.2,0.13513513513513514,0.09255923697017897,hgb
492,10,0.5,0.3,0.2702702702702703,0.14302019148421324,hgb
492,20,0.4,0.25,0.35135135135135137,0.22018454697788425,hgb
493,5,0.8,0.6,0.3617021276595745,0.4751277639986942,hgb
493,10,0.7,0.4,0.44680851063829785,0.5215341435684616,hgb
493,20,0.55,0.35,0.5319148936170213,0.6339617721110515,hgb
494,5,0.6,0.4,0.34285714285714286,0.37700352942088744,hgb
494,10,0.6,0.4,0.45714285714285713,0.43500544892002824,hgb
494,20,0.55,0.45,0.5428571428571428,0.6345444828118932,hgb
495,5,0.8,0.4,0.24050632911392406,0.23270742543901565,hgb
495,10,0.6,0.3,0.2911392405063291,0.2857921675127364,hgb
495,20,0.65,0.55,0.5189873417721519,0.5216600592539472,hgb
496,5,0.8,0.4,0.19402985074626866,0.3015808884409803,hgb
496,10,0.8,0.4,0.31343283582089554,0.355752536699704,hgb
496,20,0.6,0.5,0.43283582089552236,0.42562893251761363,hgb
497,5,0.6,0.4,0.23529411764705882,0.15891116786776519,hgb
497,10,0.5,0.5,0.35294117647058826,0.2263694871648536,hgb
497,20,0.5,0.35,0.49019607843137253,0.3129268638828521,hgb
498,5,0.8,0.4,0.2765957446808511,0.14889244240220081,hgb
498,10,0.8,0.3,0.3617021276595745,0.18701962239727,hgb
498,20,0.6,0.5,0.5531914893617021,0.2904229883334134,hgb
499,5,0.8,0.6,0.3023255813953488,0.4215286123519497,hgb
499,10,0.7,0.6,0.4186046511627907,0.5486774046443895,hgb
499,20,0.55,0.5,0.5581395348837209,0.5903047046048339,hgb
500,5,0.6,0.4,0.2608695652173913,0.24609333929319424,hgb
500,10,0.6,0.3,0.3695652173913043,0.4306539260583673,hgb
500,20,0.55,0.4,0.5217391304347826,0.5480198924413783,hgb
501,5,0.8,0.4,0.2641509433962264,0.3000656700207991,hgb
501,10,0.7,0.5,0.37735849056603776,0.3424337712907483,hgb
501,20,0.6,0.4,0.49056603773584906,0.43926681201860035,hgb
502,5,0.6,0.6,0.2857142857142857,0.23733139335707196,hgb
502,10,0.8,0.4,0.4126984126984127,0.29762291684800707,hgb
502,20,0.5,0.35,0.4444444444444444,0.32341690829858916,hgb
503,5,0.8,0.6,0.36363636363636365,0.4296428265838722,hgb
503,10,0.6,0.4,0.4,0.4456740700900879,hgb
503,20,0.45,0.4,0.4727272727272727,0.500865430453862,hgb
504,5,0.6,0.2,0.21568627450980393,0.15239524173689803,hgb
504,10,0.5,0.4,0.3137254901960784,0.2008856073281289,hgb
504,20,0.35,0.3,0.37254901960784315,0.22758840221893548,hgb
505,5,0.8,0.2,0.26785714285714285,0.27589256849845484,hgb
505,10,0.7,0.5,0.42857142857142855,0.43096892208137816,hgb
505,20,0.6,0.45,0.5178571428571429,0.5098438707599207,hgb
506,5,0.4,0.2,0.17307692307692307,0.321848501862682,hgb
506,10,0.4,0.3,0.2692307692307692,0.37570166487024065,hgb
506,20,0.4,0.4,0.46153846153846156,0.5302926603361434,hgb
507,5,0.8,0.4,0.29310344827586204,0.2939079366803942,hgb
507,10,0.7,0.5,0.41379310344827586,0.3733361145104043,hgb
507,20,0.5,0.45,0.6724137931034483,0.7479308084060662,hgb
508,5,0.8,0.4,0.23333333333333334,0.3178768974133204,hgb
508,10,0.7,0.3,0.2833333333333333,0.35407457548009463,hgb
508,20,0.5,0.4,0.38333333333333336,0.41811586567054887,hgb
509,5,1.0,0.6,0.36764705882352944,0.4606848746314814,hgb
509,10,0.8,0.5,0.4264705882352941,0.5000353459271037,hgb
509,20,0.5,0.35,0.4852941176470588,0.5725816167326623,hgb
510,5,0.8,0.6,0.4,0.24449604921889137,hgb
510,10,0.7,0.5,0.4888888888888889,0.30412174936718867,hgb
510,20,0.5,0.45,0.6444444444444445,0.559736975109767,hgb
511,5,0.8,0.4,0.296875,0.33793536409342856,hgb
511,10,0.8,0.6,0.484375,0.5034196638889932,hgb
511,20,0.65,0.55,0.640625,0.6368613407953124,hgb
512,5,0.6,0.4,0.32653061224489793,0.32653341976214134,hgb
512,10,0.5,0.3,0.3673469387755102,0.3942962967947323,hgb
512,20,0.5,0.45,0.5102040816326531,0.5631853651205928,hgb
513,5,0.6,0.6,0.2916666666666667,0.21748649734223421,hgb
513,10,0.6,0.6,0.4166666666666667,0.40124297404789594,hgb
513,20,0.4,0.4,0.5625,0.509139712362573,hgb
514,5,1.0,0.4,0.14285714285714285,0.12474481474558442,hgb
514,10,0.8,0.5,0.2222222222222222,0.15291735846152155,hgb
514,20,0.6,0.45,0.5079365079365079,0.4719983433574866,hgb
515,5,0.8,0.6,0.25,0.24011514507812287,hgb
515,10,0.7,0.4,0.3088235294117647,0.4219554697387185,hgb
515,20,0.55,0.35,0.4264705882352941,0.4974413959950692,hgb
516,5,0.8,0.2,0.11666666666666667,0.15013898490348873,hgb
516,10,0.7,0.2,0.25,0.24708050266206763,hgb
516,20,0.7,0.45,0.5166666666666667,0.48125106319831773,hgb
517,5,0.6,0.4,0.2777777777777778,0.2106409492538983,hgb
517,10,0.6,0.3,0.3888888888888889,0.31794440818334746,hgb
517,20,0.5,0.4,0.5277777777777778,0.4629466099192349,hgb
518,5,0.8,0.4,0.20588235294117646,0.11536456852487656,hgb
518,10,0.8,0.5,0.3382352941176471,0.30654788519605386,hgb
518,20,0.65,0.55,0.4852941176470588,0.4377679679350433,hgb
519,5,0.8,0.2,0.15217391304347827,0.12868089200426072,hgb
519,10,0.5,0.2,0.21739130434782608,0.2807449139528307,hgb
519,20,0.45,0.3,0.3695652173913043,0.3732889022807588,hgb
520,5,0.4,0.0,0.04878048780487805,0.04931991236390482,hgb
520,10,0.3,0.1,0.07317073170731707,0.052293040958167385,hgb
520,20,0.45,0.3,0.2926829268292683,0.14683012024876418,hgb
521,5,1.0,0.2,0.1836734693877551,0.11877889497502353,hgb
521,10,0.8,0.6,0.40816326530612246,0.5579228885183845,hgb
521,20,0.55,0.5,0.5102040816326531,0.68222915659989,hgb
522,5,1.0,0.8,0.4,0.5583553284559581,hgb
522,10,0.7,0.4,0.45,0.6332502138749361,hgb
522,20,0.65,0.55,0.625,0.7466803026998214,hgb
523,5,0.6,0.2,0.10526315789473684,0.18373202009565645,hgb
523,10,0.4,0.2,0.18421052631578946,0.22067427521972977,hgb
523,20,0.35,0.25,0.2894736842105263,0.3003045548500094,hgb
524,5,0.8,0.4,0.15217391304347827,0.0654526469187651,hgb
524,10,0.6,0.3,0.21739130434782608,0.09371016139118861,hgb
524,20,0.5,0.35,0.32608695652173914,0.1783168958731361,hgb
525,5,0.6,0.4,0.2,0.1597859915443001,hgb
525,10,0.4,0.3,0.22857142857142856,0.29045886982915486,hgb
525,20,0.35,0.3,0.34285714285714286,0.3823270870921702,hgb
526,5,0.6,0.6,0.28125,0.287898926501255,hgb
526,10,0.4,0.3,0.3125,0.2999562767150725,hgb
526,20,0.25,0.2,0.375,0.32183440023965404,hgb
527,5,0.6,0.4,0.17647058823529413,0.1149182784723744,hgb
527,10,0.4,0.4,0.23529411764705882,0.12642900529612563,hgb
527,20,0.35,0.3,0.38235294117647056,0.3761793476102722,hgb
528,5,0.4,0.2,0.13333333333333333,0.1607919700032252,hgb
528,10,0.5,0.3,0.3,0.33871563382466263,hgb
528,20,0.35,0.25,0.36666666666666664,0.45976015382456414,hgb
529,5,0.4,0.0,0.06,0.0233974588848002,hgb
529,10,0.5,0.3,0.16,0.04903517434536584,hgb
529,20,0.6,0.35,0.38,0.17675333822504447,hgb
530,5,0.4,0.4,0.11627906976744186,0.09075943077594108,hgb
530,10,0.3,0.2,0.13953488372093023,0.10509972520397254,hgb
530,20,0.4,0.35,0.32558139534883723,0.16644973764740262,hgb
531,5,0.4,0.4,0.19047619047619047,0.07393560764444007,hgb
531,10,0.6,0.3,0.30952380952380953,0.1248350390293967,hgb
531,20,0.45,0.2,0.38095238095238093,0.1937047629056385,hgb
532,5,0.6,0.2,0.14285714285714285,0.041240383722898344,hgb
532,10,0.5,0.2,0.3142857142857143,0.1179210823737531,hgb
532,20,0.5,0.45,0.5142857142857142,0.4693917107554886,hgb
533,5,0.4,0.4,0.2222222222222222,0.23573261198755938,hgb
533,10,0.6,0.3,0.4,0.3677982465578534,hgb
533,20,0.55,0.45,0.6222222222222222,0.4968728765275462,hgb
534,5,0.6,0.2,0.1891891891891892,0.12173412067153368,hgb
534,10,0.4,0.2,0.21621621621621623,0.134470073573275,hgb
534,20,0.4,0.35,0.35135135135135137,0.23059646905093317,hgb
535,5,0.4,0.4,0.09090909090909091,0.06601506707368303,hgb
535,10,0.2,0.2,0.09090909090909091,0.06601506707368303,hgb
535,20,0.3,0.25,0.20454545454545456,0.1557802236100609,hgb
536,5,0.4,0.4,0.1875,0.20269709525595722,hgb
536,10,0.5,0.3,0.3125,0.2530794306420999,hgb
536,20,0.5,0.4,0.4583333333333333,0.5896575830790062,hgb
537,5,1.0,0.4,0.28,0.17995343171120662,hgb
537,10,0.8,0.5,0.42,0.31211855545385375,hgb
537,20,0.6,0.45,0.54,0.356786522589361,hgb
538,5,0.8,0.6,0.35714285714285715,0.36441598441692025,hgb
538,10,0.6,0.5,0.42857142857142855,0.386138380166357,hgb
538,20,0.45,0.4,0.5238095238095238,0.4526405974176445,hgb
539,5,0.6,0.2,0.14285714285714285,0.3981203430132095,hgb
539,10,0.6,0.3,0.2857142857142857,0.5620709429637848,hgb
539,20,0.5,0.45,0.40816326530612246,0.7089685934874164,hgb
