feature,importance
ewm,0.15958006537629138
hist_rate,0.01778705448403497
lag1,0.008768731259334684
dow,0.0025345980122920666
burst,0.002262761095165056
days_since_last,0.0017882809243307874
month_end,0.0016604608673269849
atm_count,0.001432055546638511
lon,0.0010994318658045232
hv7,0.0007306220357566007
lat,0.0006361289537975101
dom,0.0006182427473282681
lag2,0.0005991350301558285
amt7_log,0.0005708387559860917
r3,0.0005460222617453825
nbr7,0.0005176938018239708
r14,0.00040653270498329784
lag3,0.0004036446105480151
r28,0.00038131835642383203
t,0.0
tier,-2.5286001761748443e-05
nat_r7_share,-0.00028821256506168514
r7,-0.0003571713269536314
active_days_14,-0.00039051933282426845
city7_others,-0.0006989251617114722
lag7,-0.0014460006005025728
